"trip_id,stop_id,stop_sequence,arrival_time,departure_time"
"B1_trip_1,B1_292,1,08:00:00,08:00:00"
"B1_trip_1,B1_136,2,08:00:00,08:00:00"
"B1_trip_1,B1_188,3,08:00:00,08:00:00"
"B1_trip_1,B1_210,4,08:00:00,08:00:00"
"B1_trip_1,B1_40,5,08:00:00,08:00:00"
"B1_trip_1,B1_185,6,08:00:00,08:00:00"
"B1_trip_1,B1_56,7,08:00:00,08:00:00"
"B1_trip_1,B1_118,8,08:00:00,08:00:00"
"B1_trip_10,B1_239,1,08:00:00,08:00:00"
"B1_trip_10,B1_176,2,08:00:00,08:00:00"
"B1_trip_10,B1_292,3,08:00:00,08:00:00"
"B1_trip_10,B1_11,4,08:00:00,08:00:00"
"B1_trip_10,B1_136,5,08:00:00,08:00:00"
"B1_trip_10,B1_188,6,08:00:00,08:00:00"
"B1_trip_10,B1_210,7,08:00:00,08:00:00"
"B1_trip_10,B1_185,8,08:00:00,08:00:00"
"B1_trip_10,B1_150,9,08:00:00,08:00:00"
"B1_trip_10,B1_118,10,08:00:00,08:00:00"
"B1_trip_101,B1_231,1,08:00:00,08:00:00"
"B1_trip_101,B1_256,2,08:00:00,08:00:00"
"B1_trip_101,B1_208,3,08:00:00,08:00:00"
"B1_trip_101,B1_81,4,08:00:00,08:00:00"
"B1_trip_101,B1_222,5,08:00:00,08:00:00"
"B1_trip_101,B1_234,6,08:00:00,08:00:00"
"B1_trip_101,B1_185,7,08:00:00,08:00:00"
"B1_trip_101,B1_150,8,08:00:00,08:00:00"
"B1_trip_101,B1_329,9,08:00:00,08:00:00"
"B1_trip_101,B1_171,10,08:00:00,08:00:00"
"B1_trip_101,B1_154,11,08:00:00,08:00:00"
"B1_trip_101,B1_164,12,08:00:00,08:00:00"
"B1_trip_102,B1_267,1,08:00:00,08:00:00"
"B1_trip_102,B1_126,2,08:00:00,08:00:00"
"B1_trip_102,B1_208,3,08:00:00,08:00:00"
"B1_trip_102,B1_81,4,08:00:00,08:00:00"
"B1_trip_102,B1_222,5,08:00:00,08:00:00"
"B1_trip_102,B1_128,6,08:00:00,08:00:00"
"B1_trip_102,B1_277,7,08:00:00,08:00:00"
"B1_trip_102,B1_74,8,08:00:00,08:00:00"
"B1_trip_102,B1_114,9,08:00:00,08:00:00"
"B1_trip_102,B1_162,10,08:00:00,08:00:00"
"B1_trip_104,B1_13,1,08:00:00,08:00:00"
"B1_trip_104,B1_208,2,08:00:00,08:00:00"
"B1_trip_104,B1_208,3,08:00:00,08:00:00"
"B1_trip_104,B1_81,4,08:00:00,08:00:00"
"B1_trip_104,B1_28,5,08:00:00,08:00:00"
"B1_trip_104,B1_222,6,08:00:00,08:00:00"
"B1_trip_104,B1_200,7,08:00:00,08:00:00"
"B1_trip_104,B1_142,8,08:00:00,08:00:00"
"B1_trip_104,B1_104,9,08:00:00,08:00:00"
"B1_trip_106,B1_18,1,08:00:00,08:00:00"
"B1_trip_106,B1_15,2,08:00:00,08:00:00"
"B1_trip_106,B1_161,3,08:00:00,08:00:00"
"B1_trip_106,B1_188,4,08:00:00,08:00:00"
"B1_trip_106,B1_81,5,08:00:00,08:00:00"
"B1_trip_106,B1_121,6,08:00:00,08:00:00"
"B1_trip_106,B1_147,7,08:00:00,08:00:00"
"B1_trip_106,B1_132,8,08:00:00,08:00:00"
"B1_trip_107,B1_227,1,08:00:00,08:00:00"
"B1_trip_107,B1_113,2,08:00:00,08:00:00"
"B1_trip_107,B1_86,3,08:00:00,08:00:00"
"B1_trip_107,B1_231,4,08:00:00,08:00:00"
"B1_trip_107,B1_256,5,08:00:00,08:00:00"
"B1_trip_107,B1_334,6,08:00:00,08:00:00"
"B1_trip_107,B1_121,7,08:00:00,08:00:00"
"B1_trip_107,B1_268,8,08:00:00,08:00:00"
"B1_trip_107,B1_143,9,08:00:00,08:00:00"
"B1_trip_107,B1_304,10,08:00:00,08:00:00"
"B1_trip_11,B1_20,1,08:00:00,08:00:00"
"B1_trip_11,B1_15,2,08:00:00,08:00:00"
"B1_trip_11,B1_161,3,08:00:00,08:00:00"
"B1_trip_11,B1_188,4,08:00:00,08:00:00"
"B1_trip_11,B1_17,5,08:00:00,08:00:00"
"B1_trip_11,B1_81,6,08:00:00,08:00:00"
"B1_trip_11,B1_208,7,08:00:00,08:00:00"
"B1_trip_11,B1_86,8,08:00:00,08:00:00"
"B1_trip_11,B1_256,9,08:00:00,08:00:00"
"B1_trip_11,B1_292,10,08:00:00,08:00:00"
"B1_trip_112,B1_247,1,08:00:00,08:00:00"
"B1_trip_112,B1_252,2,08:00:00,08:00:00"
"B1_trip_112,B1_126,3,08:00:00,08:00:00"
"B1_trip_112,B1_27,4,08:00:00,08:00:00"
"B1_trip_112,B1_38,5,08:00:00,08:00:00"
"B1_trip_112,B1_90,6,08:00:00,08:00:00"
"B1_trip_112,B1_208,7,08:00:00,08:00:00"
"B1_trip_112,B1_81,8,08:00:00,08:00:00"
"B1_trip_112,B1_188,9,08:00:00,08:00:00"
"B1_trip_112,B1_161,10,08:00:00,08:00:00"
"B1_trip_112,B1_103,11,08:00:00,08:00:00"
"B1_trip_113,B1_169,1,08:00:00,08:00:00"
"B1_trip_113,B1_136,2,08:00:00,08:00:00"
"B1_trip_113,B1_86,3,08:00:00,08:00:00"
"B1_trip_113,B1_41,4,08:00:00,08:00:00"
"B1_trip_113,B1_327,5,08:00:00,08:00:00"
"B1_trip_113,B1_254,6,08:00:00,08:00:00"
"B1_trip_113,B1_256,7,08:00:00,08:00:00"
"B1_trip_113,B1_151,8,08:00:00,08:00:00"
"B1_trip_113,B1_212,9,08:00:00,08:00:00"
"B1_trip_113,B1_207,10,08:00:00,08:00:00"
"B1_trip_113,B1_310,11,08:00:00,08:00:00"
"B1_trip_115,B1_14,1,08:00:00,08:00:00"
"B1_trip_115,B1_75,2,08:00:00,08:00:00"
"B1_trip_115,B1_274,3,08:00:00,08:00:00"
"B1_trip_115,B1_213,4,08:00:00,08:00:00"
"B1_trip_115,B1_102,5,08:00:00,08:00:00"
"B1_trip_115,B1_210,6,08:00:00,08:00:00"
"B1_trip_115,B1_250,7,08:00:00,08:00:00"
"B1_trip_115,B1_150,8,08:00:00,08:00:00"
"B1_trip_115,B1_182,9,08:00:00,08:00:00"
"B1_trip_119,B1_326,1,08:00:00,08:00:00"
"B1_trip_119,B1_216,2,08:00:00,08:00:00"
"B1_trip_119,B1_113,3,08:00:00,08:00:00"
"B1_trip_119,B1_153,4,08:00:00,08:00:00"
"B1_trip_119,B1_298,5,08:00:00,08:00:00"
"B1_trip_119,B1_208,6,08:00:00,08:00:00"
"B1_trip_119,B1_132,7,08:00:00,08:00:00"
"B1_trip_119,B1_209,8,08:00:00,08:00:00"
"B1_trip_119,B1_30,9,08:00:00,08:00:00"
"B1_trip_119,B1_251,10,08:00:00,08:00:00"
"B1_trip_119,B1_206,11,08:00:00,08:00:00"
"B1_trip_12,B1_199,1,08:00:00,08:00:00"
"B1_trip_12,B1_100,2,08:00:00,08:00:00"
"B1_trip_12,B1_21,3,08:00:00,08:00:00"
"B1_trip_12,B1_91,4,08:00:00,08:00:00"
"B1_trip_12,B1_188,5,08:00:00,08:00:00"
"B1_trip_12,B1_102,6,08:00:00,08:00:00"
"B1_trip_12,B1_155,7,08:00:00,08:00:00"
"B1_trip_12,B1_56,8,08:00:00,08:00:00"
"B1_trip_12,B1_118,9,08:00:00,08:00:00"
"B1_trip_120,B1_118,1,08:00:00,08:00:00"
"B1_trip_120,B1_65,2,08:00:00,08:00:00"
"B1_trip_120,B1_185,3,08:00:00,08:00:00"
"B1_trip_120,B1_39,4,08:00:00,08:00:00"
"B1_trip_120,B1_155,5,08:00:00,08:00:00"
"B1_trip_120,B1_258,6,08:00:00,08:00:00"
"B1_trip_120,B1_81,7,08:00:00,08:00:00"
"B1_trip_120,B1_208,8,08:00:00,08:00:00"
"B1_trip_120,B1_256,9,08:00:00,08:00:00"
"B1_trip_120,B1_41,10,08:00:00,08:00:00"
"B1_trip_120,B1_246,11,08:00:00,08:00:00"
"B1_trip_121,B1_169,1,08:00:00,08:00:00"
"B1_trip_121,B1_234,2,08:00:00,08:00:00"
"B1_trip_121,B1_40,3,08:00:00,08:00:00"
"B1_trip_121,B1_155,4,08:00:00,08:00:00"
"B1_trip_121,B1_258,5,08:00:00,08:00:00"
"B1_trip_121,B1_81,6,08:00:00,08:00:00"
"B1_trip_121,B1_208,7,08:00:00,08:00:00"
"B1_trip_121,B1_113,8,08:00:00,08:00:00"
"B1_trip_121,B1_298,9,08:00:00,08:00:00"
"B1_trip_121,B1_111,10,08:00:00,08:00:00"
"B1_trip_125,B1_205,1,08:00:00,08:00:00"
"B1_trip_125,B1_245,2,08:00:00,08:00:00"
"B1_trip_125,B1_113,3,08:00:00,08:00:00"
"B1_trip_125,B1_298,4,08:00:00,08:00:00"
"B1_trip_125,B1_208,5,08:00:00,08:00:00"
"B1_trip_125,B1_81,6,08:00:00,08:00:00"
"B1_trip_125,B1_234,7,08:00:00,08:00:00"
"B1_trip_125,B1_40,8,08:00:00,08:00:00"
"B1_trip_125,B1_262,9,08:00:00,08:00:00"
"B1_trip_125,B1_154,10,08:00:00,08:00:00"
"B1_trip_125,B1_125,11,08:00:00,08:00:00"
"B1_trip_125,B1_118,12,08:00:00,08:00:00"
"B1_trip_126,B1_118,1,08:00:00,08:00:00"
"B1_trip_126,B1_56,2,08:00:00,08:00:00"
"B1_trip_126,B1_65,3,08:00:00,08:00:00"
"B1_trip_126,B1_185,4,08:00:00,08:00:00"
"B1_trip_126,B1_146,5,08:00:00,08:00:00"
"B1_trip_126,B1_187,6,08:00:00,08:00:00"
"B1_trip_126,B1_145,7,08:00:00,08:00:00"
"B1_trip_126,B1_272,8,08:00:00,08:00:00"
"B1_trip_126,B1_292,9,08:00:00,08:00:00"
"B1_trip_126,B1_256,10,08:00:00,08:00:00"
"B1_trip_126,B1_52,11,08:00:00,08:00:00"
"B1_trip_127,B1_111,1,08:00:00,08:00:00"
"B1_trip_127,B1_113,2,08:00:00,08:00:00"
"B1_trip_127,B1_298,3,08:00:00,08:00:00"
"B1_trip_127,B1_143,4,08:00:00,08:00:00"
"B1_trip_127,B1_330,5,08:00:00,08:00:00"
"B1_trip_127,B1_81,6,08:00:00,08:00:00"
"B1_trip_127,B1_17,7,08:00:00,08:00:00"
"B1_trip_127,B1_188,8,08:00:00,08:00:00"
"B1_trip_127,B1_91,9,08:00:00,08:00:00"
"B1_trip_127,B1_213,10,08:00:00,08:00:00"
"B1_trip_127,B1_161,11,08:00:00,08:00:00"
"B1_trip_127,B1_20,12,08:00:00,08:00:00"
"B1_trip_129,B1_144,1,08:00:00,08:00:00"
"B1_trip_129,B1_110,2,08:00:00,08:00:00"
"B1_trip_129,B1_100,3,08:00:00,08:00:00"
"B1_trip_129,B1_31,4,08:00:00,08:00:00"
"B1_trip_129,B1_37,5,08:00:00,08:00:00"
"B1_trip_129,B1_84,6,08:00:00,08:00:00"
"B1_trip_129,B1_202,7,08:00:00,08:00:00"
"B1_trip_129,B1_132,8,08:00:00,08:00:00"
"B1_trip_13,B1_101,1,08:00:00,08:00:00"
"B1_trip_13,B1_76,2,08:00:00,08:00:00"
"B1_trip_13,B1_67,3,08:00:00,08:00:00"
"B1_trip_13,B1_161,4,08:00:00,08:00:00"
"B1_trip_13,B1_213,5,08:00:00,08:00:00"
"B1_trip_13,B1_185,6,08:00:00,08:00:00"
"B1_trip_13,B1_156,7,08:00:00,08:00:00"
"B1_trip_13,B1_200,8,08:00:00,08:00:00"
"B1_trip_13,B1_257,9,08:00:00,08:00:00"
"B1_trip_13,B1_281,10,08:00:00,08:00:00"
"B1_trip_131,B1_231,1,08:00:00,08:00:00"
"B1_trip_131,B1_256,2,08:00:00,08:00:00"
"B1_trip_131,B1_44,3,08:00:00,08:00:00"
"B1_trip_131,B1_146,4,08:00:00,08:00:00"
"B1_trip_131,B1_234,5,08:00:00,08:00:00"
"B1_trip_131,B1_262,6,08:00:00,08:00:00"
"B1_trip_131,B1_150,7,08:00:00,08:00:00"
"B1_trip_131,B1_182,8,08:00:00,08:00:00"
"B1_trip_131,B1_125,9,08:00:00,08:00:00"
"B1_trip_131,B1_118,10,08:00:00,08:00:00"
"B1_trip_132,B1_163,1,08:00:00,08:00:00"
"B1_trip_132,B1_67,2,08:00:00,08:00:00"
"B1_trip_132,B1_45,3,08:00:00,08:00:00"
"B1_trip_132,B1_161,4,08:00:00,08:00:00"
"B1_trip_132,B1_335,5,08:00:00,08:00:00"
"B1_trip_132,B1_226,6,08:00:00,08:00:00"
"B1_trip_132,B1_31,7,08:00:00,08:00:00"
"B1_trip_132,B1_220,8,08:00:00,08:00:00"
"B1_trip_132,B1_53,9,08:00:00,08:00:00"
"B1_trip_132,B1_151,10,08:00:00,08:00:00"
"B1_trip_132,B1_66,11,08:00:00,08:00:00"
"B1_trip_133,B1_12,1,08:00:00,08:00:00"
"B1_trip_133,B1_56,2,08:00:00,08:00:00"
"B1_trip_133,B1_182,3,08:00:00,08:00:00"
"B1_trip_133,B1_155,4,08:00:00,08:00:00"
"B1_trip_133,B1_36,5,08:00:00,08:00:00"
"B1_trip_133,B1_102,6,08:00:00,08:00:00"
"B1_trip_133,B1_161,7,08:00:00,08:00:00"
"B1_trip_133,B1_67,8,08:00:00,08:00:00"
"B1_trip_133,B1_241,9,08:00:00,08:00:00"
"B1_trip_133,B1_221,10,08:00:00,08:00:00"
"B1_trip_134,B1_242,1,08:00:00,08:00:00"
"B1_trip_134,B1_67,2,08:00:00,08:00:00"
"B1_trip_134,B1_213,3,08:00:00,08:00:00"
"B1_trip_134,B1_148,4,08:00:00,08:00:00"
"B1_trip_134,B1_168,5,08:00:00,08:00:00"
"B1_trip_134,B1_65,6,08:00:00,08:00:00"
"B1_trip_134,B1_154,7,08:00:00,08:00:00"
"B1_trip_134,B1_158,8,08:00:00,08:00:00"
"B1_trip_134,B1_312,9,08:00:00,08:00:00"
"B1_trip_135,B1_276,1,08:00:00,08:00:00"
"B1_trip_135,B1_90,2,08:00:00,08:00:00"
"B1_trip_135,B1_208,3,08:00:00,08:00:00"
"B1_trip_135,B1_291,4,08:00:00,08:00:00"
"B1_trip_135,B1_102,5,08:00:00,08:00:00"
"B1_trip_135,B1_91,6,08:00:00,08:00:00"
"B1_trip_135,B1_161,7,08:00:00,08:00:00"
"B1_trip_135,B1_45,8,08:00:00,08:00:00"
"B1_trip_135,B1_67,9,08:00:00,08:00:00"
"B1_trip_135,B1_69,10,08:00:00,08:00:00"
"B1_trip_136,B1_118,1,08:00:00,08:00:00"
"B1_trip_136,B1_56,2,08:00:00,08:00:00"
"B1_trip_136,B1_65,3,08:00:00,08:00:00"
"B1_trip_136,B1_150,4,08:00:00,08:00:00"
"B1_trip_136,B1_155,5,08:00:00,08:00:00"
"B1_trip_136,B1_39,6,08:00:00,08:00:00"
"B1_trip_136,B1_81,7,08:00:00,08:00:00"
"B1_trip_136,B1_121,8,08:00:00,08:00:00"
"B1_trip_136,B1_23,9,08:00:00,08:00:00"
"B1_trip_136,B1_159,10,08:00:00,08:00:00"
"B1_trip_137,B1_20,1,08:00:00,08:00:00"
"B1_trip_137,B1_15,2,08:00:00,08:00:00"
"B1_trip_137,B1_161,3,08:00:00,08:00:00"
"B1_trip_137,B1_188,4,08:00:00,08:00:00"
"B1_trip_137,B1_81,5,08:00:00,08:00:00"
"B1_trip_137,B1_208,6,08:00:00,08:00:00"
"B1_trip_137,B1_76,7,08:00:00,08:00:00"
"B1_trip_137,B1_289,8,08:00:00,08:00:00"
"B1_trip_137,B1_212,9,08:00:00,08:00:00"
"B1_trip_137,B1_66,10,08:00:00,08:00:00"
"B1_trip_138,B1_328,1,08:00:00,08:00:00"
"B1_trip_138,B1_165,2,08:00:00,08:00:00"
"B1_trip_138,B1_290,3,08:00:00,08:00:00"
"B1_trip_138,B1_268,4,08:00:00,08:00:00"
"B1_trip_138,B1_330,5,08:00:00,08:00:00"
"B1_trip_138,B1_208,6,08:00:00,08:00:00"
"B1_trip_138,B1_81,7,08:00:00,08:00:00"
"B1_trip_138,B1_17,8,08:00:00,08:00:00"
"B1_trip_138,B1_45,9,08:00:00,08:00:00"
"B1_trip_138,B1_67,10,08:00:00,08:00:00"
"B1_trip_138,B1_73,11,08:00:00,08:00:00"
"B1_trip_139,B1_66,1,08:00:00,08:00:00"
"B1_trip_139,B1_214,2,08:00:00,08:00:00"
"B1_trip_139,B1_113,3,08:00:00,08:00:00"
"B1_trip_139,B1_298,4,08:00:00,08:00:00"
"B1_trip_139,B1_13,5,08:00:00,08:00:00"
"B1_trip_139,B1_90,6,08:00:00,08:00:00"
"B1_trip_139,B1_248,7,08:00:00,08:00:00"
"B1_trip_139,B1_121,8,08:00:00,08:00:00"
"B1_trip_139,B1_30,9,08:00:00,08:00:00"
"B1_trip_139,B1_206,10,08:00:00,08:00:00"
"B1_trip_14,B1_118,1,08:00:00,08:00:00"
"B1_trip_14,B1_154,2,08:00:00,08:00:00"
"B1_trip_14,B1_150,3,08:00:00,08:00:00"
"B1_trip_14,B1_40,4,08:00:00,08:00:00"
"B1_trip_14,B1_102,5,08:00:00,08:00:00"
"B1_trip_14,B1_188,6,08:00:00,08:00:00"
"B1_trip_14,B1_100,7,08:00:00,08:00:00"
"B1_trip_14,B1_11,8,08:00:00,08:00:00"
"B1_trip_14,B1_199,9,08:00:00,08:00:00"
"B1_trip_14,B1_324,10,08:00:00,08:00:00"
"B1_trip_140,B1_242,1,08:00:00,08:00:00"
"B1_trip_140,B1_76,2,08:00:00,08:00:00"
"B1_trip_140,B1_316,3,08:00:00,08:00:00"
"B1_trip_140,B1_213,4,08:00:00,08:00:00"
"B1_trip_140,B1_148,5,08:00:00,08:00:00"
"B1_trip_140,B1_99,6,08:00:00,08:00:00"
"B1_trip_140,B1_150,7,08:00:00,08:00:00"
"B1_trip_140,B1_158,8,08:00:00,08:00:00"
"B1_trip_140,B1_312,9,08:00:00,08:00:00"
"B1_trip_145,B1_163,1,08:00:00,08:00:00"
"B1_trip_145,B1_67,2,08:00:00,08:00:00"
"B1_trip_145,B1_301,3,08:00:00,08:00:00"
"B1_trip_145,B1_36,4,08:00:00,08:00:00"
"B1_trip_145,B1_155,5,08:00:00,08:00:00"
"B1_trip_145,B1_181,6,08:00:00,08:00:00"
"B1_trip_145,B1_197,7,08:00:00,08:00:00"
"B1_trip_145,B1_275,8,08:00:00,08:00:00"
"B1_trip_145,B1_156,9,08:00:00,08:00:00"
"B1_trip_146,B1_221,1,08:00:00,08:00:00"
"B1_trip_146,B1_67,2,08:00:00,08:00:00"
"B1_trip_146,B1_161,3,08:00:00,08:00:00"
"B1_trip_146,B1_188,4,08:00:00,08:00:00"
"B1_trip_146,B1_140,5,08:00:00,08:00:00"
"B1_trip_146,B1_208,6,08:00:00,08:00:00"
"B1_trip_146,B1_330,7,08:00:00,08:00:00"
"B1_trip_146,B1_243,8,08:00:00,08:00:00"
"B1_trip_146,B1_47,9,08:00:00,08:00:00"
"B1_trip_146,B1_159,10,08:00:00,08:00:00"
"B1_trip_148,B1_242,1,08:00:00,08:00:00"
"B1_trip_148,B1_109,2,08:00:00,08:00:00"
"B1_trip_148,B1_67,3,08:00:00,08:00:00"
"B1_trip_148,B1_45,4,08:00:00,08:00:00"
"B1_trip_148,B1_301,5,08:00:00,08:00:00"
"B1_trip_148,B1_188,6,08:00:00,08:00:00"
"B1_trip_148,B1_81,7,08:00:00,08:00:00"
"B1_trip_148,B1_121,8,08:00:00,08:00:00"
"B1_trip_148,B1_322,9,08:00:00,08:00:00"
"B1_trip_148,B1_23,10,08:00:00,08:00:00"
"B1_trip_148,B1_276,11,08:00:00,08:00:00"
"B1_trip_149,B1_66,1,08:00:00,08:00:00"
"B1_trip_149,B1_151,2,08:00:00,08:00:00"
"B1_trip_149,B1_256,3,08:00:00,08:00:00"
"B1_trip_149,B1_208,4,08:00:00,08:00:00"
"B1_trip_149,B1_132,5,08:00:00,08:00:00"
"B1_trip_149,B1_30,6,08:00:00,08:00:00"
"B1_trip_149,B1_47,7,08:00:00,08:00:00"
"B1_trip_149,B1_23,8,08:00:00,08:00:00"
"B1_trip_149,B1_279,9,08:00:00,08:00:00"
"B1_trip_150,B1_320,1,08:00:00,08:00:00"
"B1_trip_150,B1_216,2,08:00:00,08:00:00"
"B1_trip_150,B1_214,3,08:00:00,08:00:00"
"B1_trip_150,B1_330,4,08:00:00,08:00:00"
"B1_trip_150,B1_208,5,08:00:00,08:00:00"
"B1_trip_150,B1_140,6,08:00:00,08:00:00"
"B1_trip_150,B1_17,7,08:00:00,08:00:00"
"B1_trip_150,B1_39,8,08:00:00,08:00:00"
"B1_trip_150,B1_277,9,08:00:00,08:00:00"
"B1_trip_150,B1_114,10,08:00:00,08:00:00"
"B1_trip_150,B1_131,11,08:00:00,08:00:00"
"B1_trip_150,B1_233,12,08:00:00,08:00:00"
"B1_trip_151,B1_331,1,08:00:00,08:00:00"
"B1_trip_151,B1_119,2,08:00:00,08:00:00"
"B1_trip_151,B1_55,3,08:00:00,08:00:00"
"B1_trip_151,B1_106,4,08:00:00,08:00:00"
"B1_trip_151,B1_81,5,08:00:00,08:00:00"
"B1_trip_151,B1_81,6,08:00:00,08:00:00"
"B1_trip_151,B1_84,7,08:00:00,08:00:00"
"B1_trip_151,B1_22,8,08:00:00,08:00:00"
"B1_trip_151,B1_86,9,08:00:00,08:00:00"
"B1_trip_153,B1_117,1,08:00:00,08:00:00"
"B1_trip_153,B1_119,2,08:00:00,08:00:00"
"B1_trip_153,B1_96,3,08:00:00,08:00:00"
"B1_trip_153,B1_188,4,08:00:00,08:00:00"
"B1_trip_153,B1_17,5,08:00:00,08:00:00"
"B1_trip_153,B1_210,6,08:00:00,08:00:00"
"B1_trip_153,B1_174,7,08:00:00,08:00:00"
"B1_trip_153,B1_171,8,08:00:00,08:00:00"
"B1_trip_153,B1_6,9,08:00:00,08:00:00"
"B1_trip_159,B1_231,1,08:00:00,08:00:00"
"B1_trip_159,B1_292,2,08:00:00,08:00:00"
"B1_trip_159,B1_272,3,08:00:00,08:00:00"
"B1_trip_159,B1_136,4,08:00:00,08:00:00"
"B1_trip_159,B1_188,5,08:00:00,08:00:00"
"B1_trip_159,B1_102,6,08:00:00,08:00:00"
"B1_trip_159,B1_210,7,08:00:00,08:00:00"
"B1_trip_159,B1_155,8,08:00:00,08:00:00"
"B1_trip_159,B1_150,9,08:00:00,08:00:00"
"B1_trip_159,B1_318,10,08:00:00,08:00:00"
"B1_trip_159,B1_171,11,08:00:00,08:00:00"
"B1_trip_159,B1_118,12,08:00:00,08:00:00"
"B1_trip_162,B1_176,1,08:00:00,08:00:00"
"B1_trip_162,B1_113,2,08:00:00,08:00:00"
"B1_trip_162,B1_105,3,08:00:00,08:00:00"
"B1_trip_162,B1_100,4,08:00:00,08:00:00"
"B1_trip_162,B1_213,5,08:00:00,08:00:00"
"B1_trip_162,B1_168,6,08:00:00,08:00:00"
"B1_trip_162,B1_83,7,08:00:00,08:00:00"
"B1_trip_162,B1_80,8,08:00:00,08:00:00"
"B1_trip_165,B1_215,1,08:00:00,08:00:00"
"B1_trip_165,B1_214,2,08:00:00,08:00:00"
"B1_trip_165,B1_113,3,08:00:00,08:00:00"
"B1_trip_165,B1_107,4,08:00:00,08:00:00"
"B1_trip_165,B1_208,5,08:00:00,08:00:00"
"B1_trip_165,B1_132,6,08:00:00,08:00:00"
"B1_trip_165,B1_121,7,08:00:00,08:00:00"
"B1_trip_165,B1_23,8,08:00:00,08:00:00"
"B1_trip_165,B1_39,9,08:00:00,08:00:00"
"B1_trip_165,B1_279,10,08:00:00,08:00:00"
"B1_trip_167,B1_80,1,08:00:00,08:00:00"
"B1_trip_167,B1_181,2,08:00:00,08:00:00"
"B1_trip_167,B1_128,3,08:00:00,08:00:00"
"B1_trip_167,B1_39,4,08:00:00,08:00:00"
"B1_trip_167,B1_140,5,08:00:00,08:00:00"
"B1_trip_167,B1_208,6,08:00:00,08:00:00"
"B1_trip_167,B1_76,7,08:00:00,08:00:00"
"B1_trip_167,B1_300,8,08:00:00,08:00:00"
"B1_trip_167,B1_140,9,08:00:00,08:00:00"
"B1_trip_167,B1_286,10,08:00:00,08:00:00"
"B1_trip_167,B1_205,11,08:00:00,08:00:00"
"B1_trip_17,B1_163,1,08:00:00,08:00:00"
"B1_trip_17,B1_295,2,08:00:00,08:00:00"
"B1_trip_17,B1_67,3,08:00:00,08:00:00"
"B1_trip_17,B1_294,4,08:00:00,08:00:00"
"B1_trip_17,B1_161,5,08:00:00,08:00:00"
"B1_trip_17,B1_188,6,08:00:00,08:00:00"
"B1_trip_17,B1_81,7,08:00:00,08:00:00"
"B1_trip_17,B1_208,8,08:00:00,08:00:00"
"B1_trip_17,B1_90,9,08:00:00,08:00:00"
"B1_trip_17,B1_47,10,08:00:00,08:00:00"
"B1_trip_17,B1_159,11,08:00:00,08:00:00"
"B1_trip_18,B1_162,1,08:00:00,08:00:00"
"B1_trip_18,B1_210,2,08:00:00,08:00:00"
"B1_trip_18,B1_102,3,08:00:00,08:00:00"
"B1_trip_18,B1_188,4,08:00:00,08:00:00"
"B1_trip_18,B1_226,5,08:00:00,08:00:00"
"B1_trip_18,B1_100,6,08:00:00,08:00:00"
"B1_trip_18,B1_199,7,08:00:00,08:00:00"
"B1_trip_18,B1_105,8,08:00:00,08:00:00"
"B1_trip_18,B1_227,9,08:00:00,08:00:00"
"B1_trip_2001,B1_263,1,08:00:00,08:00:00"
"B1_trip_2001,B1_238,2,08:00:00,08:00:00"
"B1_trip_2001,B1_48,3,08:00:00,08:00:00"
"B1_trip_2001,B1_192,4,08:00:00,08:00:00"
"B1_trip_2001,B1_90,5,08:00:00,08:00:00"
"B1_trip_2001,B1_214,6,08:00:00,08:00:00"
"B1_trip_2001,B1_51,7,08:00:00,08:00:00"
"B1_trip_2001,B1_52,8,08:00:00,08:00:00"
"B1_trip_2001,B1_57,9,08:00:00,08:00:00"
"B1_trip_2002,B1_57,1,08:00:00,08:00:00"
"B1_trip_2002,B1_143,2,08:00:00,08:00:00"
"B1_trip_2002,B1_330,3,08:00:00,08:00:00"
"B1_trip_2002,B1_38,4,08:00:00,08:00:00"
"B1_trip_2002,B1_27,5,08:00:00,08:00:00"
"B1_trip_2002,B1_126,6,08:00:00,08:00:00"
"B1_trip_2002,B1_238,7,08:00:00,08:00:00"
"B1_trip_2002,B1_92,8,08:00:00,08:00:00"
"B1_trip_2002,B1_183,9,08:00:00,08:00:00"
"B1_trip_2002,B1_237,10,08:00:00,08:00:00"
"B1_trip_2003,B1_333,1,08:00:00,08:00:00"
"B1_trip_2003,B1_5,2,08:00:00,08:00:00"
"B1_trip_2003,B1_79,3,08:00:00,08:00:00"
"B1_trip_2003,B1_193,4,08:00:00,08:00:00"
"B1_trip_2003,B1_255,5,08:00:00,08:00:00"
"B1_trip_2003,B1_122,6,08:00:00,08:00:00"
"B1_trip_2003,B1_2,7,08:00:00,08:00:00"
"B1_trip_202,B1_144,1,08:00:00,08:00:00"
"B1_trip_202,B1_321,2,08:00:00,08:00:00"
"B1_trip_202,B1_110,3,08:00:00,08:00:00"
"B1_trip_202,B1_100,4,08:00:00,08:00:00"
"B1_trip_202,B1_136,5,08:00:00,08:00:00"
"B1_trip_202,B1_17,6,08:00:00,08:00:00"
"B1_trip_202,B1_81,7,08:00:00,08:00:00"
"B1_trip_202,B1_202,8,08:00:00,08:00:00"
"B1_trip_202,B1_266,9,08:00:00,08:00:00"
"B1_trip_202,B1_307,10,08:00:00,08:00:00"
"B1_trip_203,B1_169,1,08:00:00,08:00:00"
"B1_trip_203,B1_39,2,08:00:00,08:00:00"
"B1_trip_203,B1_140,3,08:00:00,08:00:00"
"B1_trip_203,B1_208,4,08:00:00,08:00:00"
"B1_trip_203,B1_298,5,08:00:00,08:00:00"
"B1_trip_203,B1_216,6,08:00:00,08:00:00"
"B1_trip_203,B1_139,7,08:00:00,08:00:00"
"B1_trip_203,B1_205,8,08:00:00,08:00:00"
"B1_trip_203,B1_267,9,08:00:00,08:00:00"
"B1_trip_210,B1_267,1,08:00:00,08:00:00"
"B1_trip_210,B1_126,2,08:00:00,08:00:00"
"B1_trip_210,B1_27,3,08:00:00,08:00:00"
"B1_trip_210,B1_186,4,08:00:00,08:00:00"
"B1_trip_210,B1_143,5,08:00:00,08:00:00"
"B1_trip_210,B1_47,6,08:00:00,08:00:00"
"B1_trip_210,B1_23,7,08:00:00,08:00:00"
"B1_trip_210,B1_39,8,08:00:00,08:00:00"
"B1_trip_210,B1_162,9,08:00:00,08:00:00"
"B1_trip_211,B1_259,1,08:00:00,08:00:00"
"B1_trip_211,B1_126,2,08:00:00,08:00:00"
"B1_trip_211,B1_27,3,08:00:00,08:00:00"
"B1_trip_211,B1_38,4,08:00:00,08:00:00"
"B1_trip_211,B1_330,5,08:00:00,08:00:00"
"B1_trip_211,B1_81,6,08:00:00,08:00:00"
"B1_trip_211,B1_17,7,08:00:00,08:00:00"
"B1_trip_211,B1_226,8,08:00:00,08:00:00"
"B1_trip_211,B1_67,9,08:00:00,08:00:00"
"B1_trip_211,B1_26,10,08:00:00,08:00:00"
"B1_trip_212,B1_259,1,08:00:00,08:00:00"
"B1_trip_212,B1_48,2,08:00:00,08:00:00"
"B1_trip_212,B1_126,3,08:00:00,08:00:00"
"B1_trip_212,B1_27,4,08:00:00,08:00:00"
"B1_trip_212,B1_54,5,08:00:00,08:00:00"
"B1_trip_212,B1_90,6,08:00:00,08:00:00"
"B1_trip_212,B1_208,7,08:00:00,08:00:00"
"B1_trip_212,B1_258,8,08:00:00,08:00:00"
"B1_trip_212,B1_40,9,08:00:00,08:00:00"
"B1_trip_212,B1_181,10,08:00:00,08:00:00"
"B1_trip_219,B1_320,1,08:00:00,08:00:00"
"B1_trip_219,B1_176,2,08:00:00,08:00:00"
"B1_trip_219,B1_178,3,08:00:00,08:00:00"
"B1_trip_219,B1_76,4,08:00:00,08:00:00"
"B1_trip_219,B1_208,5,08:00:00,08:00:00"
"B1_trip_219,B1_81,6,08:00:00,08:00:00"
"B1_trip_219,B1_188,7,08:00:00,08:00:00"
"B1_trip_219,B1_161,8,08:00:00,08:00:00"
"B1_trip_219,B1_45,9,08:00:00,08:00:00"
"B1_trip_219,B1_67,10,08:00:00,08:00:00"
"B1_trip_219,B1_18,11,08:00:00,08:00:00"
"B1_trip_220,B1_312,1,08:00:00,08:00:00"
"B1_trip_220,B1_177,2,08:00:00,08:00:00"
"B1_trip_220,B1_250,3,08:00:00,08:00:00"
"B1_trip_220,B1_155,4,08:00:00,08:00:00"
"B1_trip_220,B1_258,5,08:00:00,08:00:00"
"B1_trip_220,B1_140,6,08:00:00,08:00:00"
"B1_trip_220,B1_208,7,08:00:00,08:00:00"
"B1_trip_220,B1_256,8,08:00:00,08:00:00"
"B1_trip_220,B1_82,9,08:00:00,08:00:00"
"B1_trip_220,B1_11,10,08:00:00,08:00:00"
"B1_trip_220,B1_175,11,08:00:00,08:00:00"
"B1_trip_222,B1_175,1,08:00:00,08:00:00"
"B1_trip_222,B1_136,2,08:00:00,08:00:00"
"B1_trip_222,B1_100,3,08:00:00,08:00:00"
"B1_trip_222,B1_161,4,08:00:00,08:00:00"
"B1_trip_222,B1_188,5,08:00:00,08:00:00"
"B1_trip_222,B1_296,6,08:00:00,08:00:00"
"B1_trip_222,B1_213,7,08:00:00,08:00:00"
"B1_trip_222,B1_262,8,08:00:00,08:00:00"
"B1_trip_222,B1_150,9,08:00:00,08:00:00"
"B1_trip_222,B1_171,10,08:00:00,08:00:00"
"B1_trip_222,B1_125,11,08:00:00,08:00:00"
"B1_trip_222,B1_312,12,08:00:00,08:00:00"
"B1_trip_223,B1_284,1,08:00:00,08:00:00"
"B1_trip_223,B1_176,2,08:00:00,08:00:00"
"B1_trip_223,B1_8,3,08:00:00,08:00:00"
"B1_trip_223,B1_76,4,08:00:00,08:00:00"
"B1_trip_223,B1_25,5,08:00:00,08:00:00"
"B1_trip_223,B1_132,6,08:00:00,08:00:00"
"B1_trip_223,B1_166,7,08:00:00,08:00:00"
"B1_trip_223,B1_307,8,08:00:00,08:00:00"
"B1_trip_225,B1_292,1,08:00:00,08:00:00"
"B1_trip_225,B1_136,2,08:00:00,08:00:00"
"B1_trip_225,B1_229,3,08:00:00,08:00:00"
"B1_trip_225,B1_213,4,08:00:00,08:00:00"
"B1_trip_225,B1_155,5,08:00:00,08:00:00"
"B1_trip_225,B1_234,6,08:00:00,08:00:00"
"B1_trip_225,B1_40,7,08:00:00,08:00:00"
"B1_trip_225,B1_150,8,08:00:00,08:00:00"
"B1_trip_225,B1_182,9,08:00:00,08:00:00"
"B1_trip_225,B1_171,10,08:00:00,08:00:00"
"B1_trip_225,B1_118,11,08:00:00,08:00:00"
"B1_trip_226,B1_205,1,08:00:00,08:00:00"
"B1_trip_226,B1_51,2,08:00:00,08:00:00"
"B1_trip_226,B1_214,3,08:00:00,08:00:00"
"B1_trip_226,B1_113,4,08:00:00,08:00:00"
"B1_trip_226,B1_298,5,08:00:00,08:00:00"
"B1_trip_226,B1_208,6,08:00:00,08:00:00"
"B1_trip_226,B1_140,7,08:00:00,08:00:00"
"B1_trip_226,B1_39,8,08:00:00,08:00:00"
"B1_trip_226,B1_277,9,08:00:00,08:00:00"
"B1_trip_226,B1_114,10,08:00:00,08:00:00"
"B1_trip_226,B1_169,11,08:00:00,08:00:00"
"B1_trip_23,B1_259,1,08:00:00,08:00:00"
"B1_trip_23,B1_252,2,08:00:00,08:00:00"
"B1_trip_23,B1_126,3,08:00:00,08:00:00"
"B1_trip_23,B1_143,4,08:00:00,08:00:00"
"B1_trip_23,B1_30,5,08:00:00,08:00:00"
"B1_trip_23,B1_121,6,08:00:00,08:00:00"
"B1_trip_23,B1_202,7,08:00:00,08:00:00"
"B1_trip_23,B1_31,8,08:00:00,08:00:00"
"B1_trip_23,B1_44,9,08:00:00,08:00:00"
"B1_trip_23,B1_198,10,08:00:00,08:00:00"
"B1_trip_25,B1_162,1,08:00:00,08:00:00"
"B1_trip_25,B1_234,2,08:00:00,08:00:00"
"B1_trip_25,B1_81,3,08:00:00,08:00:00"
"B1_trip_25,B1_166,4,08:00:00,08:00:00"
"B1_trip_25,B1_132,5,08:00:00,08:00:00"
"B1_trip_25,B1_223,6,08:00:00,08:00:00"
"B1_trip_25,B1_322,7,08:00:00,08:00:00"
"B1_trip_255,B1_283,1,08:00:00,08:00:00"
"B1_trip_255,B1_119,2,08:00:00,08:00:00"
"B1_trip_255,B1_172,3,08:00:00,08:00:00"
"B1_trip_255,B1_198,4,08:00:00,08:00:00"
"B1_trip_255,B1_44,5,08:00:00,08:00:00"
"B1_trip_255,B1_37,6,08:00:00,08:00:00"
"B1_trip_255,B1_208,7,08:00:00,08:00:00"
"B1_trip_255,B1_25,8,08:00:00,08:00:00"
"B1_trip_255,B1_132,9,08:00:00,08:00:00"
"B1_trip_259,B1_20,1,08:00:00,08:00:00"
"B1_trip_259,B1_234,2,08:00:00,08:00:00"
"B1_trip_259,B1_213,3,08:00:00,08:00:00"
"B1_trip_259,B1_21,4,08:00:00,08:00:00"
"B1_trip_259,B1_172,5,08:00:00,08:00:00"
"B1_trip_259,B1_199,6,08:00:00,08:00:00"
"B1_trip_259,B1_105,7,08:00:00,08:00:00"
"B1_trip_259,B1_227,8,08:00:00,08:00:00"
"B1_trip_26,B1_97,1,08:00:00,08:00:00"
"B1_trip_26,B1_105,2,08:00:00,08:00:00"
"B1_trip_26,B1_199,3,08:00:00,08:00:00"
"B1_trip_26,B1_136,4,08:00:00,08:00:00"
"B1_trip_26,B1_100,5,08:00:00,08:00:00"
"B1_trip_26,B1_21,6,08:00:00,08:00:00"
"B1_trip_26,B1_213,7,08:00:00,08:00:00"
"B1_trip_26,B1_162,8,08:00:00,08:00:00"
"B1_trip_265,B1_331,1,08:00:00,08:00:00"
"B1_trip_265,B1_119,2,08:00:00,08:00:00"
"B1_trip_265,B1_55,3,08:00:00,08:00:00"
"B1_trip_265,B1_226,4,08:00:00,08:00:00"
"B1_trip_265,B1_188,5,08:00:00,08:00:00"
"B1_trip_265,B1_261,6,08:00:00,08:00:00"
"B1_trip_265,B1_210,7,08:00:00,08:00:00"
"B1_trip_265,B1_228,8,08:00:00,08:00:00"
"B1_trip_265,B1_155,9,08:00:00,08:00:00"
"B1_trip_265,B1_181,10,08:00:00,08:00:00"
"B1_trip_28,B1_332,1,08:00:00,08:00:00"
"B1_trip_28,B1_292,2,08:00:00,08:00:00"
"B1_trip_28,B1_256,3,08:00:00,08:00:00"
"B1_trip_28,B1_44,4,08:00:00,08:00:00"
"B1_trip_28,B1_17,5,08:00:00,08:00:00"
"B1_trip_28,B1_91,6,08:00:00,08:00:00"
"B1_trip_28,B1_282,7,08:00:00,08:00:00"
"B1_trip_28,B1_161,8,08:00:00,08:00:00"
"B1_trip_28,B1_20,9,08:00:00,08:00:00"
"B1_trip_29,B1_93,1,08:00:00,08:00:00"
"B1_trip_29,B1_100,2,08:00:00,08:00:00"
"B1_trip_29,B1_280,3,08:00:00,08:00:00"
"B1_trip_29,B1_100,4,08:00:00,08:00:00"
"B1_trip_29,B1_31,5,08:00:00,08:00:00"
"B1_trip_29,B1_208,6,08:00:00,08:00:00"
"B1_trip_29,B1_298,7,08:00:00,08:00:00"
"B1_trip_29,B1_192,8,08:00:00,08:00:00"
"B1_trip_29,B1_27,9,08:00:00,08:00:00"
"B1_trip_29,B1_126,10,08:00:00,08:00:00"
"B1_trip_3,B1_73,1,08:00:00,08:00:00"
"B1_trip_3,B1_213,2,08:00:00,08:00:00"
"B1_trip_3,B1_21,3,08:00:00,08:00:00"
"B1_trip_3,B1_91,4,08:00:00,08:00:00"
"B1_trip_3,B1_188,5,08:00:00,08:00:00"
"B1_trip_3,B1_75,6,08:00:00,08:00:00"
"B1_trip_3,B1_256,7,08:00:00,08:00:00"
"B1_trip_3,B1_143,8,08:00:00,08:00:00"
"B1_trip_3,B1_90,9,08:00:00,08:00:00"
"B1_trip_3,B1_251,10,08:00:00,08:00:00"
"B1_trip_3,B1_211,11,08:00:00,08:00:00"
"B1_trip_30,B1_117,1,08:00:00,08:00:00"
"B1_trip_30,B1_119,2,08:00:00,08:00:00"
"B1_trip_30,B1_81,3,08:00:00,08:00:00"
"B1_trip_30,B1_202,4,08:00:00,08:00:00"
"B1_trip_30,B1_166,5,08:00:00,08:00:00"
"B1_trip_30,B1_121,6,08:00:00,08:00:00"
"B1_trip_30,B1_23,7,08:00:00,08:00:00"
"B1_trip_30,B1_258,8,08:00:00,08:00:00"
"B1_trip_30,B1_159,9,08:00:00,08:00:00"
"B1_trip_300,B1_267,1,08:00:00,08:00:00"
"B1_trip_300,B1_27,2,08:00:00,08:00:00"
"B1_trip_300,B1_143,3,08:00:00,08:00:00"
"B1_trip_300,B1_30,4,08:00:00,08:00:00"
"B1_trip_300,B1_121,5,08:00:00,08:00:00"
"B1_trip_300,B1_23,6,08:00:00,08:00:00"
"B1_trip_300,B1_258,7,08:00:00,08:00:00"
"B1_trip_300,B1_40,8,08:00:00,08:00:00"
"B1_trip_300,B1_56,9,08:00:00,08:00:00"
"B1_trip_300,B1_312,10,08:00:00,08:00:00"
"B1_trip_302,B1_118,1,08:00:00,08:00:00"
"B1_trip_302,B1_56,2,08:00:00,08:00:00"
"B1_trip_302,B1_65,3,08:00:00,08:00:00"
"B1_trip_302,B1_185,4,08:00:00,08:00:00"
"B1_trip_302,B1_128,5,08:00:00,08:00:00"
"B1_trip_302,B1_234,6,08:00:00,08:00:00"
"B1_trip_302,B1_81,7,08:00:00,08:00:00"
"B1_trip_302,B1_186,8,08:00:00,08:00:00"
"B1_trip_302,B1_203,9,08:00:00,08:00:00"
"B1_trip_302,B1_270,10,08:00:00,08:00:00"
"B1_trip_303,B1_163,1,08:00:00,08:00:00"
"B1_trip_303,B1_96,2,08:00:00,08:00:00"
"B1_trip_303,B1_188,3,08:00:00,08:00:00"
"B1_trip_303,B1_116,4,08:00:00,08:00:00"
"B1_trip_303,B1_81,5,08:00:00,08:00:00"
"B1_trip_303,B1_208,6,08:00:00,08:00:00"
"B1_trip_303,B1_90,7,08:00:00,08:00:00"
"B1_trip_303,B1_143,8,08:00:00,08:00:00"
"B1_trip_303,B1_186,9,08:00:00,08:00:00"
"B1_trip_303,B1_203,10,08:00:00,08:00:00"
"B1_trip_303,B1_270,11,08:00:00,08:00:00"
"B1_trip_304,B1_50,1,08:00:00,08:00:00"
"B1_trip_304,B1_187,2,08:00:00,08:00:00"
"B1_trip_304,B1_146,3,08:00:00,08:00:00"
"B1_trip_304,B1_39,4,08:00:00,08:00:00"
"B1_trip_304,B1_185,5,08:00:00,08:00:00"
"B1_trip_304,B1_150,6,08:00:00,08:00:00"
"B1_trip_304,B1_319,7,08:00:00,08:00:00"
"B1_trip_304,B1_118,8,08:00:00,08:00:00"
"B1_trip_305,B1_52,1,08:00:00,08:00:00"
"B1_trip_305,B1_256,2,08:00:00,08:00:00"
"B1_trip_305,B1_53,3,08:00:00,08:00:00"
"B1_trip_305,B1_44,4,08:00:00,08:00:00"
"B1_trip_305,B1_31,5,08:00:00,08:00:00"
"B1_trip_305,B1_229,6,08:00:00,08:00:00"
"B1_trip_305,B1_67,7,08:00:00,08:00:00"
"B1_trip_305,B1_294,8,08:00:00,08:00:00"
"B1_trip_305,B1_161,9,08:00:00,08:00:00"
"B1_trip_305,B1_15,10,08:00:00,08:00:00"
"B1_trip_305,B1_20,11,08:00:00,08:00:00"
"B1_trip_307,B1_52,1,08:00:00,08:00:00"
"B1_trip_307,B1_256,2,08:00:00,08:00:00"
"B1_trip_307,B1_44,3,08:00:00,08:00:00"
"B1_trip_307,B1_31,4,08:00:00,08:00:00"
"B1_trip_307,B1_146,5,08:00:00,08:00:00"
"B1_trip_307,B1_234,6,08:00:00,08:00:00"
"B1_trip_307,B1_40,7,08:00:00,08:00:00"
"B1_trip_307,B1_303,8,08:00:00,08:00:00"
"B1_trip_307,B1_306,9,08:00:00,08:00:00"
"B1_trip_307,B1_323,10,08:00:00,08:00:00"
"B1_trip_307,B1_297,11,08:00:00,08:00:00"
"B1_trip_307,B1_285,12,08:00:00,08:00:00"
"B1_trip_308,B1_324,1,08:00:00,08:00:00"
"B1_trip_308,B1_11,2,08:00:00,08:00:00"
"B1_trip_308,B1_199,3,08:00:00,08:00:00"
"B1_trip_308,B1_100,4,08:00:00,08:00:00"
"B1_trip_308,B1_294,5,08:00:00,08:00:00"
"B1_trip_308,B1_39,6,08:00:00,08:00:00"
"B1_trip_308,B1_262,7,08:00:00,08:00:00"
"B1_trip_308,B1_150,8,08:00:00,08:00:00"
"B1_trip_308,B1_329,9,08:00:00,08:00:00"
"B1_trip_308,B1_312,10,08:00:00,08:00:00"
"B1_trip_309,B1_242,1,08:00:00,08:00:00"
"B1_trip_309,B1_67,2,08:00:00,08:00:00"
"B1_trip_309,B1_45,3,08:00:00,08:00:00"
"B1_trip_309,B1_294,4,08:00:00,08:00:00"
"B1_trip_309,B1_188,5,08:00:00,08:00:00"
"B1_trip_309,B1_102,6,08:00:00,08:00:00"
"B1_trip_309,B1_155,7,08:00:00,08:00:00"
"B1_trip_309,B1_40,8,08:00:00,08:00:00"
"B1_trip_309,B1_181,9,08:00:00,08:00:00"
"B1_trip_309,B1_197,10,08:00:00,08:00:00"
"B1_trip_309,B1_315,11,08:00:00,08:00:00"
"B1_trip_309,B1_281,12,08:00:00,08:00:00"
"B1_trip_310,B1_324,1,08:00:00,08:00:00"
"B1_trip_310,B1_121,2,08:00:00,08:00:00"
"B1_trip_310,B1_53,3,08:00:00,08:00:00"
"B1_trip_310,B1_86,4,08:00:00,08:00:00"
"B1_trip_310,B1_231,5,08:00:00,08:00:00"
"B1_trip_310,B1_86,6,08:00:00,08:00:00"
"B1_trip_310,B1_287,7,08:00:00,08:00:00"
"B1_trip_310,B1_330,8,08:00:00,08:00:00"
"B1_trip_310,B1_95,9,08:00:00,08:00:00"
"B1_trip_310,B1_23,10,08:00:00,08:00:00"
"B1_trip_310,B1_258,11,08:00:00,08:00:00"
"B1_trip_310,B1_276,12,08:00:00,08:00:00"
"B1_trip_311,B1_324,1,08:00:00,08:00:00"
"B1_trip_311,B1_136,2,08:00:00,08:00:00"
"B1_trip_311,B1_44,3,08:00:00,08:00:00"
"B1_trip_311,B1_202,4,08:00:00,08:00:00"
"B1_trip_311,B1_95,5,08:00:00,08:00:00"
"B1_trip_311,B1_265,6,08:00:00,08:00:00"
"B1_trip_311,B1_235,7,08:00:00,08:00:00"
"B1_trip_311,B1_43,8,08:00:00,08:00:00"
"B1_trip_311,B1_32,9,08:00:00,08:00:00"
"B1_trip_311,B1_322,10,08:00:00,08:00:00"
"B1_trip_314,B1_52,1,08:00:00,08:00:00"
"B1_trip_314,B1_256,2,08:00:00,08:00:00"
"B1_trip_314,B1_208,3,08:00:00,08:00:00"
"B1_trip_314,B1_81,4,08:00:00,08:00:00"
"B1_trip_314,B1_167,5,08:00:00,08:00:00"
"B1_trip_314,B1_234,6,08:00:00,08:00:00"
"B1_trip_314,B1_171,7,08:00:00,08:00:00"
"B1_trip_314,B1_125,8,08:00:00,08:00:00"
"B1_trip_314,B1_137,9,08:00:00,08:00:00"
"B1_trip_314,B1_312,10,08:00:00,08:00:00"
"B1_trip_329,B1_169,1,08:00:00,08:00:00"
"B1_trip_329,B1_39,2,08:00:00,08:00:00"
"B1_trip_329,B1_185,3,08:00:00,08:00:00"
"B1_trip_329,B1_40,4,08:00:00,08:00:00"
"B1_trip_329,B1_28,5,08:00:00,08:00:00"
"B1_trip_329,B1_140,6,08:00:00,08:00:00"
"B1_trip_329,B1_208,7,08:00:00,08:00:00"
"B1_trip_329,B1_113,8,08:00:00,08:00:00"
"B1_trip_329,B1_298,9,08:00:00,08:00:00"
"B1_trip_329,B1_178,10,08:00:00,08:00:00"
"B1_trip_329,B1_10,11,08:00:00,08:00:00"
"B1_trip_333,B1_71,1,08:00:00,08:00:00"
"B1_trip_333,B1_252,2,08:00:00,08:00:00"
"B1_trip_333,B1_27,3,08:00:00,08:00:00"
"B1_trip_333,B1_186,4,08:00:00,08:00:00"
"B1_trip_333,B1_313,5,08:00:00,08:00:00"
"B1_trip_333,B1_268,6,08:00:00,08:00:00"
"B1_trip_333,B1_121,7,08:00:00,08:00:00"
"B1_trip_333,B1_334,8,08:00:00,08:00:00"
"B1_trip_35,B1_260,1,08:00:00,08:00:00"
"B1_trip_35,B1_337,2,08:00:00,08:00:00"
"B1_trip_35,B1_90,3,08:00:00,08:00:00"
"B1_trip_35,B1_243,4,08:00:00,08:00:00"
"B1_trip_35,B1_43,5,08:00:00,08:00:00"
"B1_trip_35,B1_23,6,08:00:00,08:00:00"
"B1_trip_35,B1_258,7,08:00:00,08:00:00"
"B1_trip_35,B1_15,8,08:00:00,08:00:00"
"B1_trip_35,B1_76,9,08:00:00,08:00:00"
"B1_trip_35,B1_73,10,08:00:00,08:00:00"
"B1_trip_355,B1_132,1,08:00:00,08:00:00"
"B1_trip_355,B1_202,2,08:00:00,08:00:00"
"B1_trip_355,B1_95,3,08:00:00,08:00:00"
"B1_trip_355,B1_44,4,08:00:00,08:00:00"
"B1_trip_355,B1_31,5,08:00:00,08:00:00"
"B1_trip_355,B1_100,6,08:00:00,08:00:00"
"B1_trip_355,B1_96,7,08:00:00,08:00:00"
"B1_trip_355,B1_119,8,08:00:00,08:00:00"
"B1_trip_355,B1_225,9,08:00:00,08:00:00"
"B1_trip_355,B1_94,10,08:00:00,08:00:00"
"B1_trip_355,B1_288,11,08:00:00,08:00:00"
"B1_trip_37,B1_259,1,08:00:00,08:00:00"
"B1_trip_37,B1_252,2,08:00:00,08:00:00"
"B1_trip_37,B1_49,3,08:00:00,08:00:00"
"B1_trip_37,B1_23,4,08:00:00,08:00:00"
"B1_trip_37,B1_39,5,08:00:00,08:00:00"
"B1_trip_37,B1_213,6,08:00:00,08:00:00"
"B1_trip_37,B1_167,7,08:00:00,08:00:00"
"B1_trip_37,B1_168,8,08:00:00,08:00:00"
"B1_trip_37,B1_169,9,08:00:00,08:00:00"
"B1_trip_380,B1_267,1,08:00:00,08:00:00"
"B1_trip_380,B1_224,2,08:00:00,08:00:00"
"B1_trip_380,B1_27,3,08:00:00,08:00:00"
"B1_trip_380,B1_47,4,08:00:00,08:00:00"
"B1_trip_380,B1_23,5,08:00:00,08:00:00"
"B1_trip_380,B1_39,6,08:00:00,08:00:00"
"B1_trip_380,B1_222,7,08:00:00,08:00:00"
"B1_trip_380,B1_40,8,08:00:00,08:00:00"
"B1_trip_380,B1_182,9,08:00:00,08:00:00"
"B1_trip_381,B1_135,1,08:00:00,08:00:00"
"B1_trip_381,B1_213,2,08:00:00,08:00:00"
"B1_trip_381,B1_39,3,08:00:00,08:00:00"
"B1_trip_381,B1_81,4,08:00:00,08:00:00"
"B1_trip_381,B1_208,5,08:00:00,08:00:00"
"B1_trip_381,B1_113,6,08:00:00,08:00:00"
"B1_trip_381,B1_204,7,08:00:00,08:00:00"
"B1_trip_381,B1_176,8,08:00:00,08:00:00"
"B1_trip_381,B1_139,9,08:00:00,08:00:00"
"B1_trip_381,B1_111,10,08:00:00,08:00:00"
"B1_trip_4,B1_253,1,08:00:00,08:00:00"
"B1_trip_4,B1_45,2,08:00:00,08:00:00"
"B1_trip_4,B1_188,3,08:00:00,08:00:00"
"B1_trip_4,B1_17,4,08:00:00,08:00:00"
"B1_trip_4,B1_81,5,08:00:00,08:00:00"
"B1_trip_4,B1_311,6,08:00:00,08:00:00"
"B1_trip_4,B1_121,7,08:00:00,08:00:00"
"B1_trip_4,B1_54,8,08:00:00,08:00:00"
"B1_trip_4,B1_203,9,08:00:00,08:00:00"
"B1_trip_4,B1_195,10,08:00:00,08:00:00"
"B1_trip_4,B1_270,11,08:00:00,08:00:00"
"B1_trip_40,B1_134,1,08:00:00,08:00:00"
"B1_trip_40,B1_27,2,08:00:00,08:00:00"
"B1_trip_40,B1_38,3,08:00:00,08:00:00"
"B1_trip_40,B1_90,4,08:00:00,08:00:00"
"B1_trip_40,B1_208,5,08:00:00,08:00:00"
"B1_trip_40,B1_222,6,08:00:00,08:00:00"
"B1_trip_40,B1_277,7,08:00:00,08:00:00"
"B1_trip_40,B1_114,8,08:00:00,08:00:00"
"B1_trip_40,B1_168,9,08:00:00,08:00:00"
"B1_trip_40,B1_169,10,08:00:00,08:00:00"
"B1_trip_404,B1_315,1,08:00:00,08:00:00"
"B1_trip_404,B1_314,2,08:00:00,08:00:00"
"B1_trip_404,B1_39,3,08:00:00,08:00:00"
"B1_trip_404,B1_23,4,08:00:00,08:00:00"
"B1_trip_404,B1_47,5,08:00:00,08:00:00"
"B1_trip_404,B1_268,6,08:00:00,08:00:00"
"B1_trip_404,B1_90,7,08:00:00,08:00:00"
"B1_trip_404,B1_143,8,08:00:00,08:00:00"
"B1_trip_404,B1_113,9,08:00:00,08:00:00"
"B1_trip_404,B1_204,10,08:00:00,08:00:00"
"B1_trip_404,B1_176,11,08:00:00,08:00:00"
"B1_trip_404,B1_326,12,08:00:00,08:00:00"
"B1_trip_421,B1_324,1,08:00:00,08:00:00"
"B1_trip_421,B1_199,2,08:00:00,08:00:00"
"B1_trip_421,B1_100,3,08:00:00,08:00:00"
"B1_trip_421,B1_229,4,08:00:00,08:00:00"
"B1_trip_421,B1_188,5,08:00:00,08:00:00"
"B1_trip_421,B1_17,6,08:00:00,08:00:00"
"B1_trip_421,B1_264,7,08:00:00,08:00:00"
"B1_trip_421,B1_166,8,08:00:00,08:00:00"
"B1_trip_421,B1_251,9,08:00:00,08:00:00"
"B1_trip_421,B1_159,10,08:00:00,08:00:00"
"B1_trip_424,B1_53,1,08:00:00,08:00:00"
"B1_trip_424,B1_187,2,08:00:00,08:00:00"
"B1_trip_424,B1_121,3,08:00:00,08:00:00"
"B1_trip_424,B1_208,4,08:00:00,08:00:00"
"B1_trip_424,B1_113,5,08:00:00,08:00:00"
"B1_trip_424,B1_298,6,08:00:00,08:00:00"
"B1_trip_424,B1_216,7,08:00:00,08:00:00"
"B1_trip_424,B1_139,8,08:00:00,08:00:00"
"B1_trip_424,B1_27,9,08:00:00,08:00:00"
"B1_trip_424,B1_126,10,08:00:00,08:00:00"
"B1_trip_424,B1_267,11,08:00:00,08:00:00"
"B1_trip_43,B1_305,1,08:00:00,08:00:00"
"B1_trip_43,B1_126,2,08:00:00,08:00:00"
"B1_trip_43,B1_90,3,08:00:00,08:00:00"
"B1_trip_43,B1_121,4,08:00:00,08:00:00"
"B1_trip_43,B1_243,5,08:00:00,08:00:00"
"B1_trip_43,B1_202,6,08:00:00,08:00:00"
"B1_trip_43,B1_81,7,08:00:00,08:00:00"
"B1_trip_43,B1_39,8,08:00:00,08:00:00"
"B1_trip_43,B1_150,9,08:00:00,08:00:00"
"B1_trip_43,B1_154,10,08:00:00,08:00:00"
"B1_trip_43,B1_177,11,08:00:00,08:00:00"
"B1_trip_44,B1_304,1,08:00:00,08:00:00"
"B1_trip_44,B1_143,2,08:00:00,08:00:00"
"B1_trip_44,B1_90,3,08:00:00,08:00:00"
"B1_trip_44,B1_208,4,08:00:00,08:00:00"
"B1_trip_44,B1_81,5,08:00:00,08:00:00"
"B1_trip_44,B1_188,6,08:00:00,08:00:00"
"B1_trip_44,B1_161,7,08:00:00,08:00:00"
"B1_trip_44,B1_161,8,08:00:00,08:00:00"
"B1_trip_44,B1_73,9,08:00:00,08:00:00"
"B1_trip_45,B1_304,1,08:00:00,08:00:00"
"B1_trip_45,B1_143,2,08:00:00,08:00:00"
"B1_trip_45,B1_244,3,08:00:00,08:00:00"
"B1_trip_45,B1_258,4,08:00:00,08:00:00"
"B1_trip_45,B1_23,5,08:00:00,08:00:00"
"B1_trip_45,B1_39,6,08:00:00,08:00:00"
"B1_trip_45,B1_185,7,08:00:00,08:00:00"
"B1_trip_45,B1_154,8,08:00:00,08:00:00"
"B1_trip_45,B1_56,9,08:00:00,08:00:00"
"B1_trip_45,B1_118,10,08:00:00,08:00:00"
"B1_trip_46,B1_162,1,08:00:00,08:00:00"
"B1_trip_46,B1_234,2,08:00:00,08:00:00"
"B1_trip_46,B1_81,3,08:00:00,08:00:00"
"B1_trip_46,B1_208,4,08:00:00,08:00:00"
"B1_trip_46,B1_130,5,08:00:00,08:00:00"
"B1_trip_46,B1_178,6,08:00:00,08:00:00"
"B1_trip_46,B1_139,7,08:00:00,08:00:00"
"B1_trip_46,B1_78,8,08:00:00,08:00:00"
"B1_trip_47,B1_231,1,08:00:00,08:00:00"
"B1_trip_47,B1_136,2,08:00:00,08:00:00"
"B1_trip_47,B1_188,3,08:00:00,08:00:00"
"B1_trip_47,B1_213,4,08:00:00,08:00:00"
"B1_trip_47,B1_114,5,08:00:00,08:00:00"
"B1_trip_47,B1_61,6,08:00:00,08:00:00"
"B1_trip_47,B1_6,7,08:00:00,08:00:00"
"B1_trip_48,B1_173,1,08:00:00,08:00:00"
"B1_trip_48,B1_179,2,08:00:00,08:00:00"
"B1_trip_48,B1_129,3,08:00:00,08:00:00"
"B1_trip_48,B1_191,4,08:00:00,08:00:00"
"B1_trip_48,B1_23,5,08:00:00,08:00:00"
"B1_trip_48,B1_190,6,08:00:00,08:00:00"
"B1_trip_48,B1_121,7,08:00:00,08:00:00"
"B1_trip_48,B1_53,8,08:00:00,08:00:00"
"B1_trip_49,B1_337,1,08:00:00,08:00:00"
"B1_trip_49,B1_192,2,08:00:00,08:00:00"
"B1_trip_49,B1_330,3,08:00:00,08:00:00"
"B1_trip_49,B1_208,4,08:00:00,08:00:00"
"B1_trip_49,B1_81,5,08:00:00,08:00:00"
"B1_trip_49,B1_258,6,08:00:00,08:00:00"
"B1_trip_49,B1_155,7,08:00:00,08:00:00"
"B1_trip_49,B1_114,8,08:00:00,08:00:00"
"B1_trip_49,B1_168,9,08:00:00,08:00:00"
"B1_trip_49,B1_169,10,08:00:00,08:00:00"
"B1_trip_5,B1_337,1,08:00:00,08:00:00"
"B1_trip_5,B1_27,2,08:00:00,08:00:00"
"B1_trip_5,B1_192,3,08:00:00,08:00:00"
"B1_trip_5,B1_204,4,08:00:00,08:00:00"
"B1_trip_5,B1_90,5,08:00:00,08:00:00"
"B1_trip_5,B1_81,6,08:00:00,08:00:00"
"B1_trip_5,B1_155,7,08:00:00,08:00:00"
"B1_trip_5,B1_234,8,08:00:00,08:00:00"
"B1_trip_5,B1_262,9,08:00:00,08:00:00"
"B1_trip_5,B1_150,10,08:00:00,08:00:00"
"B1_trip_5,B1_182,11,08:00:00,08:00:00"
"B1_trip_50,B1_337,1,08:00:00,08:00:00"
"B1_trip_50,B1_27,2,08:00:00,08:00:00"
"B1_trip_50,B1_330,3,08:00:00,08:00:00"
"B1_trip_50,B1_208,4,08:00:00,08:00:00"
"B1_trip_50,B1_140,5,08:00:00,08:00:00"
"B1_trip_50,B1_189,6,08:00:00,08:00:00"
"B1_trip_50,B1_150,7,08:00:00,08:00:00"
"B1_trip_50,B1_125,8,08:00:00,08:00:00"
"B1_trip_50,B1_61,9,08:00:00,08:00:00"
"B1_trip_50,B1_33,10,08:00:00,08:00:00"
"B1_trip_505,B1_20,1,08:00:00,08:00:00"
"B1_trip_505,B1_161,2,08:00:00,08:00:00"
"B1_trip_505,B1_213,3,08:00:00,08:00:00"
"B1_trip_505,B1_188,4,08:00:00,08:00:00"
"B1_trip_505,B1_81,5,08:00:00,08:00:00"
"B1_trip_505,B1_208,6,08:00:00,08:00:00"
"B1_trip_505,B1_143,7,08:00:00,08:00:00"
"B1_trip_505,B1_113,8,08:00:00,08:00:00"
"B1_trip_505,B1_298,9,08:00:00,08:00:00"
"B1_trip_505,B1_107,10,08:00:00,08:00:00"
"B1_trip_505,B1_139,11,08:00:00,08:00:00"
"B1_trip_505,B1_205,12,08:00:00,08:00:00"
"B1_trip_51,B1_101,1,08:00:00,08:00:00"
"B1_trip_51,B1_76,2,08:00:00,08:00:00"
"B1_trip_51,B1_161,3,08:00:00,08:00:00"
"B1_trip_51,B1_335,4,08:00:00,08:00:00"
"B1_trip_51,B1_81,5,08:00:00,08:00:00"
"B1_trip_51,B1_121,6,08:00:00,08:00:00"
"B1_trip_51,B1_112,7,08:00:00,08:00:00"
"B1_trip_51,B1_27,8,08:00:00,08:00:00"
"B1_trip_51,B1_337,9,08:00:00,08:00:00"
"B1_trip_52,B1_260,1,08:00:00,08:00:00"
"B1_trip_52,B1_337,2,08:00:00,08:00:00"
"B1_trip_52,B1_27,3,08:00:00,08:00:00"
"B1_trip_52,B1_192,4,08:00:00,08:00:00"
"B1_trip_52,B1_8,5,08:00:00,08:00:00"
"B1_trip_52,B1_298,6,08:00:00,08:00:00"
"B1_trip_52,B1_113,7,08:00:00,08:00:00"
"B1_trip_52,B1_127,8,08:00:00,08:00:00"
"B1_trip_52,B1_292,9,08:00:00,08:00:00"
"B1_trip_53,B1_260,1,08:00:00,08:00:00"
"B1_trip_53,B1_337,2,08:00:00,08:00:00"
"B1_trip_53,B1_27,3,08:00:00,08:00:00"
"B1_trip_53,B1_112,4,08:00:00,08:00:00"
"B1_trip_53,B1_38,5,08:00:00,08:00:00"
"B1_trip_53,B1_330,6,08:00:00,08:00:00"
"B1_trip_53,B1_208,7,08:00:00,08:00:00"
"B1_trip_53,B1_140,8,08:00:00,08:00:00"
"B1_trip_53,B1_168,9,08:00:00,08:00:00"
"B1_trip_53,B1_124,10,08:00:00,08:00:00"
"B1_trip_555,B1_163,1,08:00:00,08:00:00"
"B1_trip_555,B1_67,2,08:00:00,08:00:00"
"B1_trip_555,B1_45,3,08:00:00,08:00:00"
"B1_trip_555,B1_161,4,08:00:00,08:00:00"
"B1_trip_555,B1_157,5,08:00:00,08:00:00"
"B1_trip_555,B1_135,6,08:00:00,08:00:00"
"B1_trip_56,B1_184,1,08:00:00,08:00:00"
"B1_trip_56,B1_191,2,08:00:00,08:00:00"
"B1_trip_56,B1_23,3,08:00:00,08:00:00"
"B1_trip_56,B1_268,4,08:00:00,08:00:00"
"B1_trip_56,B1_90,5,08:00:00,08:00:00"
"B1_trip_56,B1_81,6,08:00:00,08:00:00"
"B1_trip_56,B1_222,7,08:00:00,08:00:00"
"B1_trip_56,B1_40,8,08:00:00,08:00:00"
"B1_trip_56,B1_150,9,08:00:00,08:00:00"
"B1_trip_56,B1_182,10,08:00:00,08:00:00"
"B1_trip_57,B1_260,1,08:00:00,08:00:00"
"B1_trip_57,B1_337,2,08:00:00,08:00:00"
"B1_trip_57,B1_268,3,08:00:00,08:00:00"
"B1_trip_57,B1_30,4,08:00:00,08:00:00"
"B1_trip_57,B1_121,5,08:00:00,08:00:00"
"B1_trip_57,B1_222,6,08:00:00,08:00:00"
"B1_trip_57,B1_40,7,08:00:00,08:00:00"
"B1_trip_57,B1_150,8,08:00:00,08:00:00"
"B1_trip_57,B1_182,9,08:00:00,08:00:00"
"B1_trip_58,B1_267,1,08:00:00,08:00:00"
"B1_trip_58,B1_126,2,08:00:00,08:00:00"
"B1_trip_58,B1_90,3,08:00:00,08:00:00"
"B1_trip_58,B1_208,4,08:00:00,08:00:00"
"B1_trip_58,B1_81,5,08:00:00,08:00:00"
"B1_trip_58,B1_40,6,08:00:00,08:00:00"
"B1_trip_58,B1_114,7,08:00:00,08:00:00"
"B1_trip_58,B1_168,8,08:00:00,08:00:00"
"B1_trip_58,B1_169,9,08:00:00,08:00:00"
"B1_trip_60,B1_230,1,08:00:00,08:00:00"
"B1_trip_60,B1_82,2,08:00:00,08:00:00"
"B1_trip_60,B1_187,3,08:00:00,08:00:00"
"B1_trip_60,B1_34,4,08:00:00,08:00:00"
"B1_trip_60,B1_188,5,08:00:00,08:00:00"
"B1_trip_60,B1_91,6,08:00:00,08:00:00"
"B1_trip_60,B1_213,7,08:00:00,08:00:00"
"B1_trip_60,B1_232,8,08:00:00,08:00:00"
"B1_trip_60,B1_45,9,08:00:00,08:00:00"
"B1_trip_60,B1_67,10,08:00:00,08:00:00"
"B1_trip_60,B1_73,11,08:00:00,08:00:00"
"B1_trip_606,B1_284,1,08:00:00,08:00:00"
"B1_trip_606,B1_35,2,08:00:00,08:00:00"
"B1_trip_606,B1_204,3,08:00:00,08:00:00"
"B1_trip_606,B1_13,4,08:00:00,08:00:00"
"B1_trip_606,B1_208,5,08:00:00,08:00:00"
"B1_trip_606,B1_140,6,08:00:00,08:00:00"
"B1_trip_606,B1_258,7,08:00:00,08:00:00"
"B1_trip_606,B1_155,8,08:00:00,08:00:00"
"B1_trip_606,B1_262,9,08:00:00,08:00:00"
"B1_trip_606,B1_65,10,08:00:00,08:00:00"
"B1_trip_606,B1_182,11,08:00:00,08:00:00"
"B1_trip_606,B1_177,12,08:00:00,08:00:00"
"B1_trip_616,B1_56,1,08:00:00,08:00:00"
"B1_trip_616,B1_65,2,08:00:00,08:00:00"
"B1_trip_616,B1_150,3,08:00:00,08:00:00"
"B1_trip_616,B1_262,4,08:00:00,08:00:00"
"B1_trip_616,B1_155,5,08:00:00,08:00:00"
"B1_trip_616,B1_325,6,08:00:00,08:00:00"
"B1_trip_616,B1_226,7,08:00:00,08:00:00"
"B1_trip_616,B1_4,8,08:00:00,08:00:00"
"B1_trip_62,B1_53,1,08:00:00,08:00:00"
"B1_trip_62,B1_187,2,08:00:00,08:00:00"
"B1_trip_62,B1_34,3,08:00:00,08:00:00"
"B1_trip_62,B1_302,4,08:00:00,08:00:00"
"B1_trip_62,B1_234,5,08:00:00,08:00:00"
"B1_trip_62,B1_262,6,08:00:00,08:00:00"
"B1_trip_62,B1_171,7,08:00:00,08:00:00"
"B1_trip_62,B1_56,8,08:00:00,08:00:00"
"B1_trip_62,B1_108,9,08:00:00,08:00:00"
"B1_trip_64,B1_53,1,08:00:00,08:00:00"
"B1_trip_64,B1_187,2,08:00:00,08:00:00"
"B1_trip_64,B1_34,3,08:00:00,08:00:00"
"B1_trip_64,B1_17,4,08:00:00,08:00:00"
"B1_trip_64,B1_188,5,08:00:00,08:00:00"
"B1_trip_64,B1_91,6,08:00:00,08:00:00"
"B1_trip_64,B1_336,7,08:00:00,08:00:00"
"B1_trip_64,B1_213,8,08:00:00,08:00:00"
"B1_trip_64,B1_167,9,08:00:00,08:00:00"
"B1_trip_64,B1_169,10,08:00:00,08:00:00"
"B1_trip_66,B1_182,1,08:00:00,08:00:00"
"B1_trip_66,B1_150,2,08:00:00,08:00:00"
"B1_trip_66,B1_40,3,08:00:00,08:00:00"
"B1_trip_66,B1_155,4,08:00:00,08:00:00"
"B1_trip_66,B1_258,5,08:00:00,08:00:00"
"B1_trip_66,B1_63,6,08:00:00,08:00:00"
"B1_trip_66,B1_113,7,08:00:00,08:00:00"
"B1_trip_66,B1_298,8,08:00:00,08:00:00"
"B1_trip_66,B1_176,9,08:00:00,08:00:00"
"B1_trip_66,B1_139,10,08:00:00,08:00:00"
"B1_trip_66,B1_138,11,08:00:00,08:00:00"
"B1_trip_69,B1_141,1,08:00:00,08:00:00"
"B1_trip_69,B1_62,2,08:00:00,08:00:00"
"B1_trip_69,B1_172,3,08:00:00,08:00:00"
"B1_trip_69,B1_100,4,08:00:00,08:00:00"
"B1_trip_69,B1_301,5,08:00:00,08:00:00"
"B1_trip_69,B1_294,6,08:00:00,08:00:00"
"B1_trip_69,B1_336,7,08:00:00,08:00:00"
"B1_trip_69,B1_188,8,08:00:00,08:00:00"
"B1_trip_69,B1_17,9,08:00:00,08:00:00"
"B1_trip_69,B1_140,10,08:00:00,08:00:00"
"B1_trip_69,B1_202,11,08:00:00,08:00:00"
"B1_trip_69,B1_132,12,08:00:00,08:00:00"
"B1_trip_7,B1_117,1,08:00:00,08:00:00"
"B1_trip_7,B1_119,2,08:00:00,08:00:00"
"B1_trip_7,B1_116,3,08:00:00,08:00:00"
"B1_trip_7,B1_81,4,08:00:00,08:00:00"
"B1_trip_7,B1_208,5,08:00:00,08:00:00"
"B1_trip_7,B1_90,6,08:00:00,08:00:00"
"B1_trip_7,B1_235,7,08:00:00,08:00:00"
"B1_trip_7,B1_43,8,08:00:00,08:00:00"
"B1_trip_7,B1_23,9,08:00:00,08:00:00"
"B1_trip_7,B1_279,10,08:00:00,08:00:00"
"B1_trip_700,B1_59,1,08:00:00,08:00:00"
"B1_trip_700,B1_1,2,08:00:00,08:00:00"
"B1_trip_700,B1_293,3,08:00:00,08:00:00"
"B1_trip_700,B1_27,4,08:00:00,08:00:00"
"B1_trip_700,B1_126,5,08:00:00,08:00:00"
"B1_trip_700,B1_238,6,08:00:00,08:00:00"
"B1_trip_700,B1_92,7,08:00:00,08:00:00"
"B1_trip_700,B1_160,8,08:00:00,08:00:00"
"B1_trip_700,B1_3,9,08:00:00,08:00:00"
"B1_trip_701,B1_267,1,08:00:00,08:00:00"
"B1_trip_701,B1_126,2,08:00:00,08:00:00"
"B1_trip_701,B1_258,3,08:00:00,08:00:00"
"B1_trip_701,B1_23,4,08:00:00,08:00:00"
"B1_trip_701,B1_121,5,08:00:00,08:00:00"
"B1_trip_701,B1_81,6,08:00:00,08:00:00"
"B1_trip_701,B1_67,7,08:00:00,08:00:00"
"B1_trip_701,B1_45,8,08:00:00,08:00:00"
"B1_trip_701,B1_15,9,08:00:00,08:00:00"
"B1_trip_701,B1_135,10,08:00:00,08:00:00"
"B1_trip_702,B1_71,1,08:00:00,08:00:00"
"B1_trip_702,B1_85,2,08:00:00,08:00:00"
"B1_trip_702,B1_252,3,08:00:00,08:00:00"
"B1_trip_702,B1_195,4,08:00:00,08:00:00"
"B1_trip_702,B1_143,5,08:00:00,08:00:00"
"B1_trip_702,B1_268,6,08:00:00,08:00:00"
"B1_trip_702,B1_30,7,08:00:00,08:00:00"
"B1_trip_702,B1_121,8,08:00:00,08:00:00"
"B1_trip_702,B1_90,9,08:00:00,08:00:00"
"B1_trip_702,B1_208,10,08:00:00,08:00:00"
"B1_trip_702,B1_86,11,08:00:00,08:00:00"
"B1_trip_705,B1_19,1,08:00:00,08:00:00"
"B1_trip_705,B1_252,2,08:00:00,08:00:00"
"B1_trip_705,B1_126,3,08:00:00,08:00:00"
"B1_trip_705,B1_38,4,08:00:00,08:00:00"
"B1_trip_705,B1_208,5,08:00:00,08:00:00"
"B1_trip_705,B1_140,6,08:00:00,08:00:00"
"B1_trip_705,B1_222,7,08:00:00,08:00:00"
"B1_trip_705,B1_234,8,08:00:00,08:00:00"
"B1_trip_705,B1_168,9,08:00:00,08:00:00"
"B1_trip_705,B1_169,10,08:00:00,08:00:00"
"B1_trip_706,B1_236,1,08:00:00,08:00:00"
"B1_trip_706,B1_139,2,08:00:00,08:00:00"
"B1_trip_706,B1_113,3,08:00:00,08:00:00"
"B1_trip_706,B1_298,4,08:00:00,08:00:00"
"B1_trip_706,B1_208,5,08:00:00,08:00:00"
"B1_trip_706,B1_132,6,08:00:00,08:00:00"
"B1_trip_706,B1_202,7,08:00:00,08:00:00"
"B1_trip_706,B1_28,8,08:00:00,08:00:00"
"B1_trip_706,B1_146,9,08:00:00,08:00:00"
"B1_trip_706,B1_234,10,08:00:00,08:00:00"
"B1_trip_706,B1_168,11,08:00:00,08:00:00"
"B1_trip_706,B1_312,12,08:00:00,08:00:00"
"B1_trip_707,B1_89,1,08:00:00,08:00:00"
"B1_trip_707,B1_154,2,08:00:00,08:00:00"
"B1_trip_707,B1_150,3,08:00:00,08:00:00"
"B1_trip_707,B1_234,4,08:00:00,08:00:00"
"B1_trip_707,B1_40,5,08:00:00,08:00:00"
"B1_trip_707,B1_146,6,08:00:00,08:00:00"
"B1_trip_707,B1_81,7,08:00:00,08:00:00"
"B1_trip_707,B1_90,8,08:00:00,08:00:00"
"B1_trip_707,B1_186,9,08:00:00,08:00:00"
"B1_trip_707,B1_88,10,08:00:00,08:00:00"
"B1_trip_707,B1_126,11,08:00:00,08:00:00"
"B1_trip_72,B1_292,1,08:00:00,08:00:00"
"B1_trip_72,B1_46,2,08:00:00,08:00:00"
"B1_trip_72,B1_136,3,08:00:00,08:00:00"
"B1_trip_72,B1_188,4,08:00:00,08:00:00"
"B1_trip_72,B1_213,5,08:00:00,08:00:00"
"B1_trip_72,B1_277,6,08:00:00,08:00:00"
"B1_trip_72,B1_278,7,08:00:00,08:00:00"
"B1_trip_72,B1_39,8,08:00:00,08:00:00"
"B1_trip_72,B1_162,9,08:00:00,08:00:00"
"B1_trip_74,B1_218,1,08:00:00,08:00:00"
"B1_trip_74,B1_67,2,08:00:00,08:00:00"
"B1_trip_74,B1_45,3,08:00:00,08:00:00"
"B1_trip_74,B1_161,4,08:00:00,08:00:00"
"B1_trip_74,B1_294,5,08:00:00,08:00:00"
"B1_trip_74,B1_91,6,08:00:00,08:00:00"
"B1_trip_74,B1_188,7,08:00:00,08:00:00"
"B1_trip_74,B1_140,8,08:00:00,08:00:00"
"B1_trip_74,B1_208,9,08:00:00,08:00:00"
"B1_trip_74,B1_298,10,08:00:00,08:00:00"
"B1_trip_74,B1_8,11,08:00:00,08:00:00"
"B1_trip_74,B1_111,12,08:00:00,08:00:00"
"B1_trip_755,B1_269,1,08:00:00,08:00:00"
"B1_trip_755,B1_105,2,08:00:00,08:00:00"
"B1_trip_755,B1_199,3,08:00:00,08:00:00"
"B1_trip_755,B1_136,4,08:00:00,08:00:00"
"B1_trip_755,B1_121,5,08:00:00,08:00:00"
"B1_trip_755,B1_208,6,08:00:00,08:00:00"
"B1_trip_755,B1_132,7,08:00:00,08:00:00"
"B1_trip_755,B1_23,8,08:00:00,08:00:00"
"B1_trip_755,B1_16,9,08:00:00,08:00:00"
"B1_trip_755,B1_39,10,08:00:00,08:00:00"
"B1_trip_755,B1_271,11,08:00:00,08:00:00"
"B1_trip_76,B1_20,1,08:00:00,08:00:00"
"B1_trip_76,B1_15,2,08:00:00,08:00:00"
"B1_trip_76,B1_161,3,08:00:00,08:00:00"
"B1_trip_76,B1_91,4,08:00:00,08:00:00"
"B1_trip_76,B1_17,5,08:00:00,08:00:00"
"B1_trip_76,B1_81,6,08:00:00,08:00:00"
"B1_trip_76,B1_208,7,08:00:00,08:00:00"
"B1_trip_76,B1_13,8,08:00:00,08:00:00"
"B1_trip_76,B1_309,9,08:00:00,08:00:00"
"B1_trip_76,B1_219,10,08:00:00,08:00:00"
"B1_trip_76,B1_310,11,08:00:00,08:00:00"
"B1_trip_777,B1_120,1,08:00:00,08:00:00"
"B1_trip_777,B1_199,2,08:00:00,08:00:00"
"B1_trip_777,B1_136,3,08:00:00,08:00:00"
"B1_trip_777,B1_100,4,08:00:00,08:00:00"
"B1_trip_777,B1_31,5,08:00:00,08:00:00"
"B1_trip_777,B1_146,6,08:00:00,08:00:00"
"B1_trip_777,B1_234,7,08:00:00,08:00:00"
"B1_trip_777,B1_262,8,08:00:00,08:00:00"
"B1_trip_777,B1_154,9,08:00:00,08:00:00"
"B1_trip_777,B1_240,10,08:00:00,08:00:00"
"B1_trip_777,B1_285,11,08:00:00,08:00:00"
"B1_trip_78,B1_307,1,08:00:00,08:00:00"
"B1_trip_78,B1_133,2,08:00:00,08:00:00"
"B1_trip_78,B1_299,3,08:00:00,08:00:00"
"B1_trip_78,B1_30,4,08:00:00,08:00:00"
"B1_trip_78,B1_38,5,08:00:00,08:00:00"
"B1_trip_78,B1_27,6,08:00:00,08:00:00"
"B1_trip_78,B1_126,7,08:00:00,08:00:00"
"B1_trip_78,B1_267,8,08:00:00,08:00:00"
"B1_trip_79,B1_170,1,08:00:00,08:00:00"
"B1_trip_79,B1_110,2,08:00:00,08:00:00"
"B1_trip_79,B1_42,3,08:00:00,08:00:00"
"B1_trip_79,B1_121,4,08:00:00,08:00:00"
"B1_trip_79,B1_30,5,08:00:00,08:00:00"
"B1_trip_79,B1_23,6,08:00:00,08:00:00"
"B1_trip_79,B1_279,7,08:00:00,08:00:00"
"B1_trip_8,B1_75,1,08:00:00,08:00:00"
"B1_trip_8,B1_136,2,08:00:00,08:00:00"
"B1_trip_8,B1_188,3,08:00:00,08:00:00"
"B1_trip_8,B1_70,4,08:00:00,08:00:00"
"B1_trip_8,B1_91,5,08:00:00,08:00:00"
"B1_trip_8,B1_91,6,08:00:00,08:00:00"
"B1_trip_8,B1_148,7,08:00:00,08:00:00"
"B1_trip_8,B1_39,8,08:00:00,08:00:00"
"B1_trip_8,B1_68,9,08:00:00,08:00:00"
"B1_trip_8,B1_312,10,08:00:00,08:00:00"
"B1_trip_80,B1_227,1,08:00:00,08:00:00"
"B1_trip_80,B1_105,2,08:00:00,08:00:00"
"B1_trip_80,B1_77,3,08:00:00,08:00:00"
"B1_trip_80,B1_31,4,08:00:00,08:00:00"
"B1_trip_80,B1_81,5,08:00:00,08:00:00"
"B1_trip_80,B1_121,6,08:00:00,08:00:00"
"B1_trip_80,B1_258,7,08:00:00,08:00:00"
"B1_trip_80,B1_307,8,08:00:00,08:00:00"
"B1_trip_81,B1_176,1,08:00:00,08:00:00"
"B1_trip_81,B1_273,2,08:00:00,08:00:00"
"B1_trip_81,B1_317,3,08:00:00,08:00:00"
"B1_trip_81,B1_155,4,08:00:00,08:00:00"
"B1_trip_81,B1_262,5,08:00:00,08:00:00"
"B1_trip_81,B1_154,6,08:00:00,08:00:00"
"B1_trip_81,B1_56,7,08:00:00,08:00:00"
"B1_trip_81,B1_118,8,08:00:00,08:00:00"
"B1_trip_82,B1_164,1,08:00:00,08:00:00"
"B1_trip_82,B1_262,2,08:00:00,08:00:00"
"B1_trip_82,B1_234,3,08:00:00,08:00:00"
"B1_trip_82,B1_249,4,08:00:00,08:00:00"
"B1_trip_82,B1_258,5,08:00:00,08:00:00"
"B1_trip_82,B1_308,6,08:00:00,08:00:00"
"B1_trip_82,B1_84,7,08:00:00,08:00:00"
"B1_trip_82,B1_86,8,08:00:00,08:00:00"
"B1_trip_83,B1_117,1,08:00:00,08:00:00"
"B1_trip_83,B1_119,2,08:00:00,08:00:00"
"B1_trip_83,B1_64,3,08:00:00,08:00:00"
"B1_trip_83,B1_301,4,08:00:00,08:00:00"
"B1_trip_83,B1_98,5,08:00:00,08:00:00"
"B1_trip_83,B1_217,6,08:00:00,08:00:00"
"B1_trip_83,B1_185,7,08:00:00,08:00:00"
"B1_trip_83,B1_65,8,08:00:00,08:00:00"
"B1_trip_83,B1_56,9,08:00:00,08:00:00"
"B1_trip_83,B1_118,10,08:00:00,08:00:00"
"B1_trip_84,B1_86,1,08:00:00,08:00:00"
"B1_trip_84,B1_140,2,08:00:00,08:00:00"
"B1_trip_84,B1_258,3,08:00:00,08:00:00"
"B1_trip_84,B1_40,4,08:00:00,08:00:00"
"B1_trip_84,B1_58,5,08:00:00,08:00:00"
"B1_trip_84,B1_65,6,08:00:00,08:00:00"
"B1_trip_84,B1_182,7,08:00:00,08:00:00"
"B1_trip_85,B1_162,1,08:00:00,08:00:00"
"B1_trip_85,B1_74,2,08:00:00,08:00:00"
"B1_trip_85,B1_39,3,08:00:00,08:00:00"
"B1_trip_85,B1_28,4,08:00:00,08:00:00"
"B1_trip_85,B1_140,5,08:00:00,08:00:00"
"B1_trip_85,B1_63,6,08:00:00,08:00:00"
"B1_trip_85,B1_208,7,08:00:00,08:00:00"
"B1_trip_85,B1_113,8,08:00:00,08:00:00"
"B1_trip_85,B1_214,9,08:00:00,08:00:00"
"B1_trip_85,B1_215,10,08:00:00,08:00:00"
"B1_trip_87,B1_227,1,08:00:00,08:00:00"
"B1_trip_87,B1_121,2,08:00:00,08:00:00"
"B1_trip_87,B1_44,3,08:00:00,08:00:00"
"B1_trip_87,B1_146,4,08:00:00,08:00:00"
"B1_trip_87,B1_40,5,08:00:00,08:00:00"
"B1_trip_87,B1_150,6,08:00:00,08:00:00"
"B1_trip_87,B1_171,7,08:00:00,08:00:00"
"B1_trip_87,B1_118,8,08:00:00,08:00:00"
"B1_trip_88,B1_227,1,08:00:00,08:00:00"
"B1_trip_88,B1_196,2,08:00:00,08:00:00"
"B1_trip_88,B1_143,3,08:00:00,08:00:00"
"B1_trip_88,B1_330,4,08:00:00,08:00:00"
"B1_trip_88,B1_30,5,08:00:00,08:00:00"
"B1_trip_88,B1_23,6,08:00:00,08:00:00"
"B1_trip_88,B1_47,7,08:00:00,08:00:00"
"B1_trip_88,B1_159,8,08:00:00,08:00:00"
"B1_trip_89,B1_227,1,08:00:00,08:00:00"
"B1_trip_89,B1_105,2,08:00:00,08:00:00"
"B1_trip_89,B1_199,3,08:00:00,08:00:00"
"B1_trip_89,B1_136,4,08:00:00,08:00:00"
"B1_trip_89,B1_121,5,08:00:00,08:00:00"
"B1_trip_89,B1_30,6,08:00:00,08:00:00"
"B1_trip_89,B1_211,7,08:00:00,08:00:00"
"B1_trip_89,B1_159,8,08:00:00,08:00:00"
"B1_trip_9,B1_26,1,08:00:00,08:00:00"
"B1_trip_9,B1_201,2,08:00:00,08:00:00"
"B1_trip_9,B1_67,3,08:00:00,08:00:00"
"B1_trip_9,B1_45,4,08:00:00,08:00:00"
"B1_trip_9,B1_188,5,08:00:00,08:00:00"
"B1_trip_9,B1_17,6,08:00:00,08:00:00"
"B1_trip_9,B1_81,7,08:00:00,08:00:00"
"B1_trip_9,B1_202,8,08:00:00,08:00:00"
"B1_trip_9,B1_149,9,08:00:00,08:00:00"
"B1_trip_90,B1_227,1,08:00:00,08:00:00"
"B1_trip_90,B1_176,2,08:00:00,08:00:00"
"B1_trip_90,B1_292,3,08:00:00,08:00:00"
"B1_trip_90,B1_208,4,08:00:00,08:00:00"
"B1_trip_90,B1_334,5,08:00:00,08:00:00"
"B1_trip_90,B1_121,6,08:00:00,08:00:00"
"B1_trip_90,B1_30,7,08:00:00,08:00:00"
"B1_trip_90,B1_88,8,08:00:00,08:00:00"
"B1_trip_90,B1_126,9,08:00:00,08:00:00"
"B1_trip_G1,B1_123,1,08:00:00,08:00:00"
"B1_trip_G1,B1_160,2,08:00:00,08:00:00"
"B1_trip_G1,B1_92,3,08:00:00,08:00:00"
"B1_trip_G1,B1_252,4,08:00:00,08:00:00"
"B1_trip_G1,B1_27,5,08:00:00,08:00:00"
"B1_trip_G1,B1_54,6,08:00:00,08:00:00"
"B1_trip_G1,B1_90,7,08:00:00,08:00:00"
"B1_trip_G1,B1_208,8,08:00:00,08:00:00"
"B1_trip_G1,B1_140,9,08:00:00,08:00:00"
"B1_trip_G1,B1_234,10,08:00:00,08:00:00"
"B1_trip_G1,B1_40,11,08:00:00,08:00:00"
"B1_trip_G1,B1_181,12,08:00:00,08:00:00"
"B1_trip_G2,B1_123,1,08:00:00,08:00:00"
"B1_trip_G2,B1_238,2,08:00:00,08:00:00"
"B1_trip_G2,B1_126,3,08:00:00,08:00:00"
"B1_trip_G2,B1_192,4,08:00:00,08:00:00"
"B1_trip_G2,B1_90,5,08:00:00,08:00:00"
"B1_trip_G2,B1_208,6,08:00:00,08:00:00"
"B1_trip_G2,B1_81,7,08:00:00,08:00:00"
"B1_trip_G2,B1_17,8,08:00:00,08:00:00"
"B1_trip_G2,B1_102,9,08:00:00,08:00:00"
"B1_trip_G2,B1_60,10,08:00:00,08:00:00"
"B1_trip_G2,B1_36,11,08:00:00,08:00:00"
"B1_trip_M 10,B1_72,1,08:00:00,08:00:00"
"B1_trip_M 10,B1_152,2,08:00:00,08:00:00"
"B1_trip_M 10,B1_122,3,08:00:00,08:00:00"
"B1_trip_M 10,B1_87,4,08:00:00,08:00:00"
"B1_trip_M 10,B1_205,5,08:00:00,08:00:00"
"B1_trip_M 10,B1_113,6,08:00:00,08:00:00"
"B1_trip_M 10,B1_143,7,08:00:00,08:00:00"
"B1_trip_M 10,B1_29,8,08:00:00,08:00:00"
"B1_trip_M 5,B1_7,1,08:00:00,08:00:00"
"B1_trip_M 5,B1_142,2,08:00:00,08:00:00"
"B1_trip_M 5,B1_180,3,08:00:00,08:00:00"
"B1_trip_M 5,B1_24,4,08:00:00,08:00:00"
"B1_trip_M 5,B1_28,5,08:00:00,08:00:00"
"B1_trip_M 5,B1_81,6,08:00:00,08:00:00"
"B1_trip_M 5,B1_208,7,08:00:00,08:00:00"
"B1_trip_M 5,B1_194,8,08:00:00,08:00:00"
"B1_trip_M 5,B1_9,9,08:00:00,08:00:00"
"B1_trip_M 7,B1_115,1,08:00:00,08:00:00"
"B1_trip_M 7,B1_183,2,08:00:00,08:00:00"
"B1_trip_M 7,B1_92,3,08:00:00,08:00:00"
"B1_trip_M 7,B1_238,4,08:00:00,08:00:00"
"B1_trip_M 7,B1_27,5,08:00:00,08:00:00"
"B1_trip_M 7,B1_112,6,08:00:00,08:00:00"
"B1_trip_M 7,B1_88,7,08:00:00,08:00:00"
"B1_trip_M 7,B1_38,8,08:00:00,08:00:00"
"B1_trip_M 7,B1_90,9,08:00:00,08:00:00"
"B1_trip_M 7,B1_29,10,08:00:00,08:00:00"
"M_TR1_F,M_10,1,05:00:00,05:00:30"
"M_TR1_F,M_33,2,05:03:26,05:03:56"
"M_TR1_F,M_11,3,05:05:20,05:05:50"
"M_TR1_F,M_32,4,05:08:04,05:08:34"
"M_TR1_F,M_31,5,05:12:11,05:12:41"
"M_TR1_F,M_34,6,05:14:29,05:14:59"
"M_TR1_F,M_12,7,05:19:07,05:19:37"
"M_TR1_F,M_13,8,05:21:45,05:22:15"
"M_TR1_F,M_50,9,05:24:33,05:25:03"
"M_TR1_F,M_14,10,05:27:04,05:27:34"
"M_TR1_F,M_0,11,05:29:08,05:29:38"
"M_TR1_F,M_17,12,05:31:52,05:32:22"
"M_TR1_F,M_20,13,05:34:58,05:35:28"
"M_TR1_F,M_21,14,05:38:28,05:38:58"
"M_TR1_F,M_30,15,05:40:57,05:41:27"
"M_TR1_F,M_49,16,05:43:39,05:44:09"
"M_TR1_F,M_48,17,05:46:24,05:46:54"
"M_TR1_F,M_47,18,05:48:20,05:48:50"
"M_TR1_F,M_5,19,05:50:16,05:50:46"
"M_TR1_F,M_16,20,05:52:08,05:52:38"
"M_TR1_F,M_52,21,05:53:30,05:54:00"
"M_TR1_F,M_22,22,05:55:00,05:55:30"
"M_TR1_F,M_45,23,05:58:46,05:59:16"
"M_TR1_F,M_44,24,06:01:53,06:02:23"
"M_TR1_F,M_43,25,06:04:14,06:04:44"
"M_TR1_F,M_42,26,06:06:02,06:06:32"
"M_TR1_F,M_41,27,06:07:28,06:07:58"
"M_TR1_F,M_40,28,06:09:45,06:10:15"
"M_TR1_F,M_39,29,06:11:49,06:12:19"
"M_TR1_F,M_15,30,06:14:07,06:14:37"
"M_TR1_F,M_38,31,06:15:55,06:16:25"
"M_TR1_F,M_37,32,06:18:24,06:18:54"
"M_TR1_F,M_36,33,06:20:39,06:21:09"
"M_TR1_F,M_35,34,06:24:08,06:24:38"
"M_TR1_F,M_51,35,06:26:47,06:27:17"
"M_TR1_B,M_51,1,05:00:00,05:00:30"
"M_TR1_B,M_35,2,05:02:39,05:03:09"
"M_TR1_B,M_36,3,05:06:08,05:06:38"
"M_TR1_B,M_37,4,05:08:23,05:08:53"
"M_TR1_B,M_38,5,05:10:51,05:11:21"
"M_TR1_B,M_15,6,05:12:39,05:13:09"
"M_TR1_B,M_39,7,05:14:58,05:15:28"
"M_TR1_B,M_40,8,05:17:02,05:17:32"
"M_TR1_B,M_41,9,05:19:19,05:19:49"
"M_TR1_B,M_42,10,05:20:45,05:21:15"
"M_TR1_B,M_43,11,05:22:33,05:23:03"
"M_TR1_B,M_44,12,05:24:54,05:25:24"
"M_TR1_B,M_45,13,05:28:00,05:28:30"
"M_TR1_B,M_22,14,05:31:47,05:32:17"
"M_TR1_B,M_52,15,05:33:17,05:33:47"
"M_TR1_B,M_5,16,05:36:31,05:37:01"
"M_TR1_B,M_16,17,05:35:09,05:35:39"
"M_TR1_B,M_47,18,05:38:27,05:38:57"
"M_TR1_B,M_48,19,05:40:22,05:40:52"
"M_TR1_B,M_49,20,05:43:07,05:43:37"
"M_TR1_B,M_30,21,05:45:50,05:46:20"
"M_TR1_B,M_21,22,05:48:19,05:48:49"
"M_TR1_B,M_20,23,05:51:49,05:52:19"
"M_TR1_B,M_17,24,05:54:54,05:55:24"
"M_TR1_B,M_0,25,05:57:39,05:58:09"
"M_TR1_B,M_14,26,05:59:42,06:00:12"
"M_TR1_B,M_50,27,06:02:14,06:02:44"
"M_TR1_B,M_13,28,06:05:02,06:05:32"
"M_TR1_B,M_12,29,06:07:40,06:08:10"
"M_TR1_B,M_34,30,06:12:18,06:12:48"
"M_TR1_B,M_31,31,06:14:36,06:15:06"
"M_TR1_B,M_32,32,06:18:43,06:19:13"
"M_TR1_B,M_11,33,06:21:27,06:21:57"
"M_TR1_B,M_33,34,06:23:20,06:23:50"
"M_TR1_B,M_10,35,06:26:47,06:27:17"
"M_TR2_F,M_62,1,05:00:00,05:00:30"
"M_TR2_F,M_63,2,05:03:12,05:03:42"
"M_TR2_F,M_1,3,05:05:31,05:06:01"
"M_TR2_F,M_66,4,05:07:01,05:07:31"
"M_TR2_F,M_65,5,05:08:51,05:09:21"
"M_TR2_F,M_64,6,05:11:02,05:11:32"
"M_TR2_F,M_2,7,05:13:21,05:13:51"
"M_TR2_F,M_3,8,05:15:47,05:16:17"
"M_TR2_F,M_4,9,05:18:29,05:18:59"
"M_TR2_F,M_5,10,05:20:40,05:21:10"
"M_TR2_F,M_52,11,05:23:54,05:24:24"
"M_TR2_F,M_22,12,05:25:25,05:25:55"
"M_TR2_F,M_6,13,05:27:38,05:28:08"
"M_TR2_F,M_7,14,05:29:53,05:30:23"
"M_TR2_F,M_8,15,05:31:49,05:32:19"
"M_TR2_F,M_18,16,05:34:05,05:34:35"
"M_TR2_F,M_9,17,05:35:45,05:36:15"
"M_TR2_F,M_68,18,05:38:06,05:38:36"
"M_TR2_F,M_67,19,05:40:41,05:41:11"
"M_TR2_B,M_67,1,05:00:00,05:00:30"
"M_TR2_B,M_68,2,05:02:35,05:03:05"
"M_TR2_B,M_9,3,05:04:55,05:05:25"
"M_TR2_B,M_18,4,05:06:36,05:07:06"
"M_TR2_B,M_8,5,05:08:51,05:09:21"
"M_TR2_B,M_7,6,05:10:47,05:11:17"
"M_TR2_B,M_6,7,05:13:03,05:13:33"
"M_TR2_B,M_22,8,05:15:16,05:15:46"
"M_TR2_B,M_52,9,05:16:46,05:17:16"
"M_TR2_B,M_5,10,05:20:00,05:20:30"
"M_TR2_B,M_4,11,05:22:12,05:22:42"
"M_TR2_B,M_3,12,05:24:54,05:25:24"
"M_TR2_B,M_2,13,05:27:20,05:27:50"
"M_TR2_B,M_64,14,05:29:39,05:30:09"
"M_TR2_B,M_65,15,05:31:50,05:32:20"
"M_TR2_B,M_66,16,05:33:40,05:34:10"
"M_TR2_B,M_1,17,05:35:10,05:35:40"
"M_TR2_B,M_63,18,05:37:28,05:37:58"
"M_TR2_B,M_62,19,05:40:41,05:41:11"
"M_TR3_F,M_56,1,05:00:00,05:00:30"
"M_TR3_F,M_57,2,05:03:14,05:03:44"
"M_TR3_F,M_58,3,05:05:31,05:06:01"
"M_TR3_F,M_59,4,05:07:59,05:08:29"
"M_TR3_F,M_60,5,05:10:23,05:10:53"
"M_TR3_F,M_61,6,05:12:58,05:13:28"
"M_TR3_F,M_53,7,05:17:16,05:17:46"
"M_TR3_F,M_55,8,05:19:40,05:20:10"
"M_TR3_F,M_54,9,05:21:42,05:22:12"
"M_TR3_F,M_27,10,05:24:16,05:24:46"
"M_TR3_F,M_19,11,05:26:08,05:26:38"
"M_TR3_F,M_29,12,05:29:29,05:29:59"
"M_TR3_F,M_23,13,05:32:35,05:33:05"
"M_TR3_F,M_24,14,05:35:49,05:36:19"
"M_TR3_F,M_25,15,05:38:10,05:38:40"
"M_TR3_F,M_69,16,05:40:09,05:40:39"
"M_TR3_F,M_26,17,05:42:46,05:43:16"
"M_TR3_F,M_28,18,05:45:03,05:45:33"
"M_TR3_F,M_46,19,05:46:52,05:47:22"
"M_TR3_F,M_70,20,05:48:29,05:48:59"
"M_TR3_F,M_71,21,05:51:00,05:51:30"
"M_TR3_F,M_72,22,05:53:14,05:53:44"
"M_TR3_F,M_74,23,05:55:05,05:55:35"
"M_TR3_F,M_73,24,05:56:47,05:57:17"
"M_TR3_F,M_80,25,05:58:30,05:59:00"
"M_TR3_F,M_81,26,06:01:05,06:01:35"
"M_TR3_F,M_82,27,06:03:15,06:03:45"
"M_TR3_F,M_83,28,06:06:22,06:06:52"
"M_TR3_B,M_83,1,05:00:00,05:00:30"
"M_TR3_B,M_82,2,05:03:06,05:03:36"
"M_TR3_B,M_81,3,05:05:16,05:05:46"
"M_TR3_B,M_80,4,05:07:51,05:08:21"
"M_TR3_B,M_73,5,05:09:34,05:10:04"
"M_TR3_B,M_74,6,05:11:16,05:11:46"
"M_TR3_B,M_72,7,05:13:07,05:13:37"
"M_TR3_B,M_71,8,05:15:21,05:15:51"
"M_TR3_B,M_70,9,05:17:52,05:18:22"
"M_TR3_B,M_46,10,05:19:29,05:19:59"
"M_TR3_B,M_28,11,05:21:18,05:21:48"
"M_TR3_B,M_26,12,05:23:35,05:24:05"
"M_TR3_B,M_69,13,05:26:13,05:26:43"
"M_TR3_B,M_25,14,05:28:11,05:28:41"
"M_TR3_B,M_24,15,05:30:32,05:31:02"
"M_TR3_B,M_23,16,05:33:46,05:34:16"
"M_TR3_B,M_29,17,05:36:52,05:37:22"
"M_TR3_B,M_19,18,05:40:13,05:40:43"
"M_TR3_B,M_27,19,05:42:05,05:42:35"
"M_TR3_B,M_54,20,05:44:39,05:45:09"
"M_TR3_B,M_55,21,05:46:41,05:47:11"
"M_TR3_B,M_53,22,05:49:05,05:49:35"
"M_TR3_B,M_61,23,05:53:23,05:53:53"
"M_TR3_B,M_60,24,05:55:58,05:56:28"
"M_TR3_B,M_59,25,05:58:22,05:58:52"
"M_TR3_B,M_58,26,06:00:50,06:01:20"
"M_TR3_B,M_57,27,06:03:07,06:03:37"
"M_TR3_B,M_56,28,06:06:22,06:06:52"
"M_TR4_F,M_56,1,05:00:00,05:00:30"
"M_TR4_F,M_57,2,05:03:14,05:03:44"
"M_TR4_F,M_58,3,05:05:31,05:06:01"
"M_TR4_F,M_59,4,05:07:59,05:08:29"
"M_TR4_F,M_60,5,05:10:23,05:10:53"
"M_TR4_F,M_61,6,05:12:58,05:13:28"
"M_TR4_F,M_53,7,05:17:16,05:17:46"
"M_TR4_F,M_55,8,05:19:40,05:20:10"
"M_TR4_F,M_54,9,05:21:42,05:22:12"
"M_TR4_F,M_27,10,05:24:16,05:24:46"
"M_TR4_F,M_19,11,05:26:08,05:26:38"
"M_TR4_F,M_29,12,05:29:29,05:29:59"
"M_TR4_F,M_23,13,05:32:35,05:33:05"
"M_TR4_F,M_24,14,05:35:49,05:36:19"
"M_TR4_F,M_25,15,05:38:10,05:38:40"
"M_TR4_F,M_69,16,05:40:09,05:40:39"
"M_TR4_F,M_26,17,05:42:46,05:43:16"
"M_TR4_F,M_28,18,05:45:03,05:45:33"
"M_TR4_F,M_46,19,05:46:52,05:47:22"
"M_TR4_F,M_70,20,05:48:29,05:48:59"
"M_TR4_F,M_71,21,05:51:00,05:51:30"
"M_TR4_F,M_72,22,05:53:14,05:53:44"
"M_TR4_F,M_76,23,05:55:31,05:56:01"
"M_TR4_F,M_77,24,05:57:29,05:57:59"
"M_TR4_F,M_78,25,05:59:17,05:59:47"
"M_TR4_F,M_79,26,06:02:12,06:02:42"
"M_TR4_F,M_75,27,06:05:16,06:05:46"
"M_TR4_B,M_75,1,05:00:00,05:00:30"
"M_TR4_B,M_79,2,05:03:03,05:03:33"
"M_TR4_B,M_78,3,05:05:58,05:06:28"
"M_TR4_B,M_77,4,05:07:46,05:08:16"
"M_TR4_B,M_76,5,05:09:45,05:10:15"
"M_TR4_B,M_72,6,05:12:01,05:12:31"
"M_TR4_B,M_71,7,05:14:15,05:14:45"
"M_TR4_B,M_70,8,05:16:46,05:17:16"
"M_TR4_B,M_46,9,05:18:23,05:18:53"
"M_TR4_B,M_28,10,05:20:12,05:20:42"
"M_TR4_B,M_26,11,05:22:29,05:22:59"
"M_TR4_B,M_69,12,05:25:07,05:25:37"
"M_TR4_B,M_25,13,05:27:05,05:27:35"
"M_TR4_B,M_24,14,05:29:26,05:29:56"
"M_TR4_B,M_23,15,05:32:40,05:33:10"
"M_TR4_B,M_29,16,05:35:46,05:36:16"
"M_TR4_B,M_19,17,05:39:07,05:39:37"
"M_TR4_B,M_27,18,05:40:59,05:41:29"
"M_TR4_B,M_54,19,05:43:33,05:44:03"
"M_TR4_B,M_55,20,05:45:36,05:46:06"
"M_TR4_B,M_53,21,05:47:59,05:48:29"
"M_TR4_B,M_61,22,05:52:17,05:52:47"
"M_TR4_B,M_60,23,05:54:52,05:55:22"
"M_TR4_B,M_59,24,05:57:16,05:57:46"
"M_TR4_B,M_58,25,05:59:44,06:00:14"
"M_TR4_B,M_57,26,06:02:01,06:02:31"
"M_TR4_B,M_56,27,06:05:16,06:05:46"
"MB_trip_1,MB_56,1,08:00:00,08:00:00"
"MB_trip_1,MB_23,2,08:00:00,08:00:00"
"MB_trip_1,MB_78,3,08:00:00,08:00:00"
"MB_trip_2,MB_78,1,08:00:00,08:00:00"
"MB_trip_2,MB_77,2,08:00:00,08:00:00"
"MB_trip_2,MB_186,3,08:00:00,08:00:00"
"MB_trip_3,MB_78,1,08:00:00,08:00:00"
"MB_trip_3,MB_149,2,08:00:00,08:00:00"
"MB_trip_3,MB_117,3,08:00:00,08:00:00"
"MB_trip_4,MB_78,1,08:00:00,08:00:00"
"MB_trip_4,MB_159,2,08:00:00,08:00:00"
"MB_trip_4,MB_187,3,08:00:00,08:00:00"
"MB_trip_5,MB_78,1,08:00:00,08:00:00"
"MB_trip_5,MB_146,2,08:00:00,08:00:00"
"MB_trip_5,MB_187,3,08:00:00,08:00:00"
"MB_trip_6,MB_78,1,08:00:00,08:00:00"
"MB_trip_6,MB_149,2,08:00:00,08:00:00"
"MB_trip_6,MB_188,3,08:00:00,08:00:00"
"MB_trip_7,MB_78,1,08:00:00,08:00:00"
"MB_trip_7,MB_37,2,08:00:00,08:00:00"
"MB_trip_8,MB_102,1,08:00:00,08:00:00"
"MB_trip_8,MB_114,2,08:00:00,08:00:00"
"MB_trip_8,MB_186,3,08:00:00,08:00:00"
"MB_trip_9,MB_42,1,08:00:00,08:00:00"
"MB_trip_9,MB_94,2,08:00:00,08:00:00"
"MB_trip_9,MB_148,3,08:00:00,08:00:00"
"MB_trip_10,MB_42,1,08:00:00,08:00:00"
"MB_trip_10,MB_94,2,08:00:00,08:00:00"
"MB_trip_10,MB_67,3,08:00:00,08:00:00"
"MB_trip_11,MB_42,1,08:00:00,08:00:00"
"MB_trip_11,MB_220,2,08:00:00,08:00:00"
"MB_trip_11,MB_158,3,08:00:00,08:00:00"
"MB_trip_12,MB_42,1,08:00:00,08:00:00"
"MB_trip_12,MB_220,2,08:00:00,08:00:00"
"MB_trip_12,MB_207,3,08:00:00,08:00:00"
"MB_trip_13,MB_42,1,08:00:00,08:00:00"
"MB_trip_13,MB_93,2,08:00:00,08:00:00"
"MB_trip_13,MB_209,3,08:00:00,08:00:00"
"MB_trip_14,MB_154,1,08:00:00,08:00:00"
"MB_trip_14,MB_94,2,08:00:00,08:00:00"
"MB_trip_14,MB_42,3,08:00:00,08:00:00"
"MB_trip_15,MB_154,1,08:00:00,08:00:00"
"MB_trip_15,MB_116,2,08:00:00,08:00:00"
"MB_trip_15,MB_103,3,08:00:00,08:00:00"
"MB_trip_16,MB_154,1,08:00:00,08:00:00"
"MB_trip_16,MB_206,2,08:00:00,08:00:00"
"MB_trip_16,MB_147,3,08:00:00,08:00:00"
"MB_trip_17,MB_154,1,08:00:00,08:00:00"
"MB_trip_17,MB_38,2,08:00:00,08:00:00"
"MB_trip_17,MB_189,3,08:00:00,08:00:00"
"MB_trip_18,MB_154,1,08:00:00,08:00:00"
"MB_trip_18,MB_38,2,08:00:00,08:00:00"
"MB_trip_18,MB_66,3,08:00:00,08:00:00"
"MB_trip_19,MB_154,1,08:00:00,08:00:00"
"MB_trip_19,MB_65,2,08:00:00,08:00:00"
"MB_trip_19,MB_208,3,08:00:00,08:00:00"
"MB_trip_20,MB_154,1,08:00:00,08:00:00"
"MB_trip_20,MB_67,2,08:00:00,08:00:00"
"MB_trip_20,MB_124,3,08:00:00,08:00:00"
"MB_trip_21,MB_154,1,08:00:00,08:00:00"
"MB_trip_21,MB_44,2,08:00:00,08:00:00"
"MB_trip_21,MB_40,3,08:00:00,08:00:00"
"MB_trip_22,MB_154,1,08:00:00,08:00:00"
"MB_trip_22,MB_12,2,08:00:00,08:00:00"
"MB_trip_22,MB_155,3,08:00:00,08:00:00"
"MB_trip_23,MB_118,1,08:00:00,08:00:00"
"MB_trip_23,MB_147,2,08:00:00,08:00:00"
"MB_trip_23,MB_103,3,08:00:00,08:00:00"
"MB_trip_24,MB_118,1,08:00:00,08:00:00"
"MB_trip_24,MB_2,2,08:00:00,08:00:00"
"MB_trip_24,MB_215,3,08:00:00,08:00:00"
"MB_trip_25,MB_118,1,08:00:00,08:00:00"
"MB_trip_25,MB_1,2,08:00:00,08:00:00"
"MB_trip_25,MB_160,3,08:00:00,08:00:00"
"MB_trip_26,MB_38,1,08:00:00,08:00:00"
"MB_trip_26,MB_216,2,08:00:00,08:00:00"
"MB_trip_26,MB_107,3,08:00:00,08:00:00"
"MB_trip_27,MB_35,1,08:00:00,08:00:00"
"MB_trip_27,MB_95,2,08:00:00,08:00:00"
"MB_trip_27,MB_147,3,08:00:00,08:00:00"
"MB_trip_28,MB_35,1,08:00:00,08:00:00"
"MB_trip_28,MB_116,2,08:00:00,08:00:00"
"MB_trip_28,MB_190,3,08:00:00,08:00:00"
"MB_trip_29,MB_152,1,08:00:00,08:00:00"
"MB_trip_29,MB_185,2,08:00:00,08:00:00"
"MB_trip_29,MB_190,3,08:00:00,08:00:00"
"MB_trip_30,MB_155,1,08:00:00,08:00:00"
"MB_trip_30,MB_116,2,08:00:00,08:00:00"
"MB_trip_30,MB_190,3,08:00:00,08:00:00"
"MB_trip_31,MB_155,1,08:00:00,08:00:00"
"MB_trip_31,MB_95,2,08:00:00,08:00:00"
"MB_trip_31,MB_147,3,08:00:00,08:00:00"
"MB_trip_32,MB_155,1,08:00:00,08:00:00"
"MB_trip_32,MB_152,2,08:00:00,08:00:00"
"MB_trip_32,MB_42,3,08:00:00,08:00:00"
"MB_trip_33,MB_155,1,08:00:00,08:00:00"
"MB_trip_33,MB_12,2,08:00:00,08:00:00"
"MB_trip_33,MB_38,3,08:00:00,08:00:00"
"MB_trip_34,MB_35,1,08:00:00,08:00:00"
"MB_trip_34,MB_14,2,08:00:00,08:00:00"
"MB_trip_35,MB_217,1,08:00:00,08:00:00"
"MB_trip_35,MB_64,2,08:00:00,08:00:00"
"MB_trip_35,MB_27,3,08:00:00,08:00:00"
"MB_trip_36,MB_217,1,08:00:00,08:00:00"
"MB_trip_36,MB_126,2,08:00:00,08:00:00"
"MB_trip_36,MB_95,3,08:00:00,08:00:00"
"MB_trip_37,MB_217,1,08:00:00,08:00:00"
"MB_trip_37,MB_126,2,08:00:00,08:00:00"
"MB_trip_37,MB_147,3,08:00:00,08:00:00"
"MB_trip_38,MB_217,1,08:00:00,08:00:00"
"MB_trip_38,MB_126,2,08:00:00,08:00:00"
"MB_trip_38,MB_45,3,08:00:00,08:00:00"
"MB_trip_39,MB_217,1,08:00:00,08:00:00"
"MB_trip_39,MB_126,2,08:00:00,08:00:00"
"MB_trip_39,MB_79,3,08:00:00,08:00:00"
"MB_trip_40,MB_217,1,08:00:00,08:00:00"
"MB_trip_40,MB_64,2,08:00:00,08:00:00"
"MB_trip_40,MB_42,3,08:00:00,08:00:00"
"MB_trip_41,MB_217,1,08:00:00,08:00:00"
"MB_trip_41,MB_78,2,08:00:00,08:00:00"
"MB_trip_41,MB_190,3,08:00:00,08:00:00"
"MB_trip_42,MB_217,1,08:00:00,08:00:00"
"MB_trip_42,MB_126,2,08:00:00,08:00:00"
"MB_trip_42,MB_42,3,08:00:00,08:00:00"
"MB_trip_43,MB_217,1,08:00:00,08:00:00"
"MB_trip_43,MB_115,2,08:00:00,08:00:00"
"MB_trip_43,MB_219,3,08:00:00,08:00:00"
"MB_trip_44,MB_217,1,08:00:00,08:00:00"
"MB_trip_44,MB_43,2,08:00:00,08:00:00"
"MB_trip_45,MB_217,1,08:00:00,08:00:00"
"MB_trip_45,MB_157,2,08:00:00,08:00:00"
"MB_trip_46,MB_217,1,08:00:00,08:00:00"
"MB_trip_46,MB_96,2,08:00:00,08:00:00"
"MB_trip_47,MB_217,1,08:00:00,08:00:00"
"MB_trip_47,MB_191,2,08:00:00,08:00:00"
"MB_trip_48,MB_217,1,08:00:00,08:00:00"
"MB_trip_48,MB_101,2,08:00:00,08:00:00"
"MB_trip_49,MB_217,1,08:00:00,08:00:00"
"MB_trip_49,MB_187,2,08:00:00,08:00:00"
"MB_trip_50,MB_217,1,08:00:00,08:00:00"
"MB_trip_50,MB_184,2,08:00:00,08:00:00"
"MB_trip_50,MB_186,3,08:00:00,08:00:00"
"MB_trip_51,MB_217,1,08:00:00,08:00:00"
"MB_trip_51,MB_157,2,08:00:00,08:00:00"
"MB_trip_51,MB_162,3,08:00:00,08:00:00"
"MB_trip_52,MB_217,1,08:00:00,08:00:00"
"MB_trip_52,MB_46,2,08:00:00,08:00:00"
"MB_trip_52,MB_183,3,08:00:00,08:00:00"
"MB_trip_53,MB_217,1,08:00:00,08:00:00"
"MB_trip_53,MB_64,2,08:00:00,08:00:00"
"MB_trip_53,MB_67,3,08:00:00,08:00:00"
"MB_trip_54,MB_217,1,08:00:00,08:00:00"
"MB_trip_54,MB_46,2,08:00:00,08:00:00"
"MB_trip_54,MB_61,3,08:00:00,08:00:00"
"MB_trip_55,MB_194,1,08:00:00,08:00:00"
"MB_trip_55,MB_126,2,08:00:00,08:00:00"
"MB_trip_55,MB_147,3,08:00:00,08:00:00"
"MB_trip_56,MB_194,1,08:00:00,08:00:00"
"MB_trip_56,MB_78,2,08:00:00,08:00:00"
"MB_trip_56,MB_190,3,08:00:00,08:00:00"
"MB_trip_57,MB_193,1,08:00:00,08:00:00"
"MB_trip_57,MB_64,2,08:00:00,08:00:00"
"MB_trip_57,MB_42,3,08:00:00,08:00:00"
"MB_trip_58,MB_125,1,08:00:00,08:00:00"
"MB_trip_58,MB_163,2,08:00:00,08:00:00"
"MB_trip_59,MB_217,1,08:00:00,08:00:00"
"MB_trip_59,MB_106,2,08:00:00,08:00:00"
"MB_trip_59,MB_26,3,08:00:00,08:00:00"
"MB_trip_60,MB_217,1,08:00:00,08:00:00"
"MB_trip_60,MB_193,2,08:00:00,08:00:00"
"MB_trip_61,MB_217,1,08:00:00,08:00:00"
"MB_trip_61,MB_59,2,08:00:00,08:00:00"
"MB_trip_62,MB_217,1,08:00:00,08:00:00"
"MB_trip_62,MB_137,2,08:00:00,08:00:00"
"MB_trip_63,MB_214,1,08:00:00,08:00:00"
"MB_trip_63,MB_193,2,08:00:00,08:00:00"
"MB_trip_64,MB_145,1,08:00:00,08:00:00"
"MB_trip_64,MB_217,2,08:00:00,08:00:00"
"MB_trip_65,MB_13,1,08:00:00,08:00:00"
"MB_trip_65,MB_217,2,08:00:00,08:00:00"
"MB_trip_66,MB_164,1,08:00:00,08:00:00"
"MB_trip_66,MB_217,2,08:00:00,08:00:00"
"MB_trip_67,MB_63,1,08:00:00,08:00:00"
"MB_trip_67,MB_217,2,08:00:00,08:00:00"
"MB_trip_68,MB_156,1,08:00:00,08:00:00"
"MB_trip_68,MB_157,2,08:00:00,08:00:00"
"MB_trip_69,MB_96,1,08:00:00,08:00:00"
"MB_trip_69,MB_100,2,08:00:00,08:00:00"
"MB_trip_70,MB_217,1,08:00:00,08:00:00"
"MB_trip_70,MB_210,2,08:00:00,08:00:00"
"MB_trip_71,MB_217,1,08:00:00,08:00:00"
"MB_trip_71,MB_165,2,08:00:00,08:00:00"
"MB_trip_72,MB_217,1,08:00:00,08:00:00"
"MB_trip_72,MB_215,2,08:00:00,08:00:00"
"MB_trip_73,MB_162,1,08:00:00,08:00:00"
"MB_trip_73,MB_27,2,08:00:00,08:00:00"
"MB_trip_73,MB_42,3,08:00:00,08:00:00"
"MB_trip_74,MB_162,1,08:00:00,08:00:00"
"MB_trip_74,MB_76,2,08:00:00,08:00:00"
"MB_trip_74,MB_42,3,08:00:00,08:00:00"
"MB_trip_75,MB_162,1,08:00:00,08:00:00"
"MB_trip_75,MB_64,2,08:00:00,08:00:00"
"MB_trip_75,MB_27,3,08:00:00,08:00:00"
"MB_trip_76,MB_162,1,08:00:00,08:00:00"
"MB_trip_76,MB_196,2,08:00:00,08:00:00"
"MB_trip_76,MB_150,3,08:00:00,08:00:00"
"MB_trip_77,MB_162,1,08:00:00,08:00:00"
"MB_trip_77,MB_17,2,08:00:00,08:00:00"
"MB_trip_77,MB_151,3,08:00:00,08:00:00"
"MB_trip_78,MB_104,1,08:00:00,08:00:00"
"MB_trip_78,MB_24,2,08:00:00,08:00:00"
"MB_trip_78,MB_151,3,08:00:00,08:00:00"
"MB_trip_79,MB_105,1,08:00:00,08:00:00"
"MB_trip_79,MB_102,2,08:00:00,08:00:00"
"MB_trip_79,MB_15,3,08:00:00,08:00:00"
"MB_trip_80,MB_105,1,08:00:00,08:00:00"
"MB_trip_80,MB_77,2,08:00:00,08:00:00"
"MB_trip_80,MB_186,3,08:00:00,08:00:00"
"MB_trip_81,MB_105,1,08:00:00,08:00:00"
"MB_trip_81,MB_127,2,08:00:00,08:00:00"
"MB_trip_81,MB_102,3,08:00:00,08:00:00"
"MB_trip_82,MB_105,1,08:00:00,08:00:00"
"MB_trip_82,MB_104,2,08:00:00,08:00:00"
"MB_trip_83,MB_166,1,08:00:00,08:00:00"
"MB_trip_83,MB_77,2,08:00:00,08:00:00"
"MB_trip_83,MB_186,3,08:00:00,08:00:00"
"MB_trip_84,MB_166,1,08:00:00,08:00:00"
"MB_trip_84,MB_127,2,08:00:00,08:00:00"
"MB_trip_84,MB_102,3,08:00:00,08:00:00"
"MB_trip_85,MB_166,1,08:00:00,08:00:00"
"MB_trip_85,MB_102,2,08:00:00,08:00:00"
"MB_trip_85,MB_15,3,08:00:00,08:00:00"
"MB_trip_86,MB_149,1,08:00:00,08:00:00"
"MB_trip_86,MB_78,2,08:00:00,08:00:00"
"MB_trip_86,MB_102,3,08:00:00,08:00:00"
"MB_trip_87,MB_149,1,08:00:00,08:00:00"
"MB_trip_87,MB_24,2,08:00:00,08:00:00"
"MB_trip_87,MB_162,3,08:00:00,08:00:00"
"MB_trip_88,MB_149,1,08:00:00,08:00:00"
"MB_trip_88,MB_78,2,08:00:00,08:00:00"
"MB_trip_88,MB_190,3,08:00:00,08:00:00"
"MB_trip_89,MB_149,1,08:00:00,08:00:00"
"MB_trip_89,MB_190,2,08:00:00,08:00:00"
"MB_trip_89,MB_42,3,08:00:00,08:00:00"
"MB_trip_90,MB_149,1,08:00:00,08:00:00"
"MB_trip_90,MB_78,2,08:00:00,08:00:00"
"MB_trip_90,MB_195,3,08:00:00,08:00:00"
"MB_trip_91,MB_62,1,08:00:00,08:00:00"
"MB_trip_91,MB_78,2,08:00:00,08:00:00"
"MB_trip_91,MB_190,3,08:00:00,08:00:00"
"MB_trip_92,MB_62,1,08:00:00,08:00:00"
"MB_trip_92,MB_33,2,08:00:00,08:00:00"
"MB_trip_92,MB_78,3,08:00:00,08:00:00"
"MB_trip_93,MB_57,1,08:00:00,08:00:00"
"MB_trip_93,MB_33,2,08:00:00,08:00:00"
"MB_trip_93,MB_195,3,08:00:00,08:00:00"
"MB_trip_94,MB_162,1,08:00:00,08:00:00"
"MB_trip_94,MB_28,2,08:00:00,08:00:00"
"MB_trip_95,MB_162,1,08:00:00,08:00:00"
"MB_trip_95,MB_215,2,08:00:00,08:00:00"
"MB_trip_96,MB_162,1,08:00:00,08:00:00"
"MB_trip_96,MB_104,2,08:00:00,08:00:00"
"MB_trip_97,MB_167,1,08:00:00,08:00:00"
"MB_trip_97,MB_4,2,08:00:00,08:00:00"
"MB_trip_97,MB_16,3,08:00:00,08:00:00"
"MB_trip_98,MB_167,1,08:00:00,08:00:00"
"MB_trip_98,MB_58,2,08:00:00,08:00:00"
"MB_trip_98,MB_34,3,08:00:00,08:00:00"
"MB_trip_99,MB_167,1,08:00:00,08:00:00"
"MB_trip_99,MB_58,2,08:00:00,08:00:00"
"MB_trip_99,MB_21,3,08:00:00,08:00:00"
"MB_trip_100,MB_167,1,08:00:00,08:00:00"
"MB_trip_100,MB_47,2,08:00:00,08:00:00"
"MB_trip_100,MB_221,3,08:00:00,08:00:00"
"MB_trip_101,MB_167,1,08:00:00,08:00:00"
"MB_trip_101,MB_47,2,08:00:00,08:00:00"
"MB_trip_101,MB_215,3,08:00:00,08:00:00"
"MB_trip_102,MB_167,1,08:00:00,08:00:00"
"MB_trip_102,MB_99,2,08:00:00,08:00:00"
"MB_trip_102,MB_49,3,08:00:00,08:00:00"
"MB_trip_103,MB_167,1,08:00:00,08:00:00"
"MB_trip_103,MB_178,2,08:00:00,08:00:00"
"MB_trip_103,MB_186,3,08:00:00,08:00:00"
"MB_trip_104,MB_167,1,08:00:00,08:00:00"
"MB_trip_104,MB_112,2,08:00:00,08:00:00"
"MB_trip_104,MB_66,3,08:00:00,08:00:00"
"MB_trip_105,MB_167,1,08:00:00,08:00:00"
"MB_trip_105,MB_90,2,08:00:00,08:00:00"
"MB_trip_105,MB_192,3,08:00:00,08:00:00"
"MB_trip_106,MB_167,1,08:00:00,08:00:00"
"MB_trip_106,MB_112,2,08:00:00,08:00:00"
"MB_trip_106,MB_143,3,08:00:00,08:00:00"
"MB_trip_107,MB_167,1,08:00:00,08:00:00"
"MB_trip_107,MB_112,2,08:00:00,08:00:00"
"MB_trip_107,MB_189,3,08:00:00,08:00:00"
"MB_trip_108,MB_167,1,08:00:00,08:00:00"
"MB_trip_108,MB_112,2,08:00:00,08:00:00"
"MB_trip_108,MB_130,3,08:00:00,08:00:00"
"MB_trip_109,MB_27,1,08:00:00,08:00:00"
"MB_trip_109,MB_18,2,08:00:00,08:00:00"
"MB_trip_109,MB_67,3,08:00:00,08:00:00"
"MB_trip_110,MB_27,1,08:00:00,08:00:00"
"MB_trip_110,MB_44,2,08:00:00,08:00:00"
"MB_trip_110,MB_32,3,08:00:00,08:00:00"
"MB_trip_111,MB_27,1,08:00:00,08:00:00"
"MB_trip_111,MB_130,2,08:00:00,08:00:00"
"MB_trip_111,MB_66,3,08:00:00,08:00:00"
"MB_trip_112,MB_27,1,08:00:00,08:00:00"
"MB_trip_112,MB_47,2,08:00:00,08:00:00"
"MB_trip_112,MB_221,3,08:00:00,08:00:00"
"MB_trip_113,MB_27,1,08:00:00,08:00:00"
"MB_trip_113,MB_4,2,08:00:00,08:00:00"
"MB_trip_113,MB_16,3,08:00:00,08:00:00"
"MB_trip_114,MB_27,1,08:00:00,08:00:00"
"MB_trip_114,MB_58,2,08:00:00,08:00:00"
"MB_trip_114,MB_21,3,08:00:00,08:00:00"
"MB_trip_115,MB_27,1,08:00:00,08:00:00"
"MB_trip_115,MB_58,2,08:00:00,08:00:00"
"MB_trip_115,MB_34,3,08:00:00,08:00:00"
"MB_trip_116,MB_27,1,08:00:00,08:00:00"
"MB_trip_116,MB_186,2,08:00:00,08:00:00"
"MB_trip_116,MB_215,3,08:00:00,08:00:00"
"MB_trip_117,MB_91,1,08:00:00,08:00:00"
"MB_trip_117,MB_48,2,08:00:00,08:00:00"
"MB_trip_117,MB_177,3,08:00:00,08:00:00"
"MB_trip_118,MB_91,1,08:00:00,08:00:00"
"MB_trip_118,MB_176,2,08:00:00,08:00:00"
"MB_trip_118,MB_126,3,08:00:00,08:00:00"
"MB_trip_119,MB_177,1,08:00:00,08:00:00"
"MB_trip_119,MB_84,2,08:00:00,08:00:00"
"MB_trip_119,MB_190,3,08:00:00,08:00:00"
"MB_trip_120,MB_179,1,08:00:00,08:00:00"
"MB_trip_120,MB_131,2,08:00:00,08:00:00"
"MB_trip_120,MB_31,3,08:00:00,08:00:00"
"MB_trip_121,MB_73,1,08:00:00,08:00:00"
"MB_trip_121,MB_182,2,08:00:00,08:00:00"
"MB_trip_121,MB_144,3,08:00:00,08:00:00"
"MB_trip_121,MB_224,4,08:00:00,08:00:00"
"MB_trip_122,MB_73,1,08:00:00,08:00:00"
"MB_trip_122,MB_126,2,08:00:00,08:00:00"
"MB_trip_122,MB_78,3,08:00:00,08:00:00"
"MB_trip_123,MB_175,1,08:00:00,08:00:00"
"MB_trip_123,MB_97,2,08:00:00,08:00:00"
"MB_trip_123,MB_161,3,08:00:00,08:00:00"
"MB_trip_124,MB_175,1,08:00:00,08:00:00"
"MB_trip_124,MB_119,2,08:00:00,08:00:00"
"MB_trip_124,MB_61,3,08:00:00,08:00:00"
"MB_trip_125,MB_175,1,08:00:00,08:00:00"
"MB_trip_125,MB_173,2,08:00:00,08:00:00"
"MB_trip_125,MB_208,3,08:00:00,08:00:00"
"MB_trip_126,MB_175,1,08:00:00,08:00:00"
"MB_trip_126,MB_95,2,08:00:00,08:00:00"
"MB_trip_126,MB_147,3,08:00:00,08:00:00"
"MB_trip_127,MB_175,1,08:00:00,08:00:00"
"MB_trip_127,MB_25,2,08:00:00,08:00:00"
"MB_trip_127,MB_134,3,08:00:00,08:00:00"
"MB_trip_128,MB_175,1,08:00:00,08:00:00"
"MB_trip_128,MB_73,2,08:00:00,08:00:00"
"MB_trip_128,MB_144,3,08:00:00,08:00:00"
"MB_trip_128,MB_224,4,08:00:00,08:00:00"
"MB_trip_129,MB_175,1,08:00:00,08:00:00"
"MB_trip_129,MB_136,2,08:00:00,08:00:00"
"MB_trip_129,MB_53,3,08:00:00,08:00:00"
"MB_trip_130,MB_175,1,08:00:00,08:00:00"
"MB_trip_130,MB_147,2,08:00:00,08:00:00"
"MB_trip_130,MB_190,3,08:00:00,08:00:00"
"MB_trip_131,MB_103,1,08:00:00,08:00:00"
"MB_trip_131,MB_147,2,08:00:00,08:00:00"
"MB_trip_131,MB_42,3,08:00:00,08:00:00"
"MB_trip_132,MB_103,1,08:00:00,08:00:00"
"MB_trip_132,MB_52,2,08:00:00,08:00:00"
"MB_trip_132,MB_187,3,08:00:00,08:00:00"
"MB_trip_133,MB_92,1,08:00:00,08:00:00"
"MB_trip_133,MB_147,2,08:00:00,08:00:00"
"MB_trip_133,MB_42,3,08:00:00,08:00:00"
"MB_trip_134,MB_46,1,08:00:00,08:00:00"
"MB_trip_134,MB_126,2,08:00:00,08:00:00"
"MB_trip_134,MB_78,3,08:00:00,08:00:00"
"MB_trip_135,MB_85,1,08:00:00,08:00:00"
"MB_trip_135,MB_116,2,08:00:00,08:00:00"
"MB_trip_135,MB_27,3,08:00:00,08:00:00"
"MB_trip_136,MB_208,1,08:00:00,08:00:00"
"MB_trip_136,MB_206,2,08:00:00,08:00:00"
"MB_trip_136,MB_27,3,08:00:00,08:00:00"
"MB_trip_137,MB_132,1,08:00:00,08:00:00"
"MB_trip_137,MB_147,2,08:00:00,08:00:00"
"MB_trip_137,MB_42,3,08:00:00,08:00:00"
"MB_trip_138,MB_144,1,08:00:00,08:00:00"
"MB_trip_138,MB_224,2,08:00:00,08:00:00"
"MB_trip_138,MB_147,3,08:00:00,08:00:00"
"MB_trip_138,MB_42,4,08:00:00,08:00:00"
"MB_trip_139,MB_95,1,08:00:00,08:00:00"
"MB_trip_139,MB_72,2,08:00:00,08:00:00"
"MB_trip_139,MB_103,3,08:00:00,08:00:00"
"MB_trip_140,MB_86,1,08:00:00,08:00:00"
"MB_trip_140,MB_147,2,08:00:00,08:00:00"
"MB_trip_141,MB_86,1,08:00:00,08:00:00"
"MB_trip_141,MB_14,2,08:00:00,08:00:00"
"MB_trip_142,MB_61,1,08:00:00,08:00:00"
"MB_trip_142,MB_46,2,08:00:00,08:00:00"
"MB_trip_142,MB_91,3,08:00:00,08:00:00"
"MB_trip_143,MB_61,1,08:00:00,08:00:00"
"MB_trip_143,MB_71,2,08:00:00,08:00:00"
"MB_trip_143,MB_91,3,08:00:00,08:00:00"
"MB_trip_144,MB_61,1,08:00:00,08:00:00"
"MB_trip_144,MB_46,2,08:00:00,08:00:00"
"MB_trip_144,MB_190,3,08:00:00,08:00:00"
"MB_trip_145,MB_61,1,08:00:00,08:00:00"
"MB_trip_145,MB_71,2,08:00:00,08:00:00"
"MB_trip_145,MB_190,3,08:00:00,08:00:00"
"MB_trip_146,MB_61,1,08:00:00,08:00:00"
"MB_trip_146,MB_71,2,08:00:00,08:00:00"
"MB_trip_146,MB_42,3,08:00:00,08:00:00"
"MB_trip_147,MB_61,1,08:00:00,08:00:00"
"MB_trip_147,MB_203,2,08:00:00,08:00:00"
"MB_trip_147,MB_107,3,08:00:00,08:00:00"
"MB_trip_148,MB_61,1,08:00:00,08:00:00"
"MB_trip_148,MB_46,2,08:00:00,08:00:00"
"MB_trip_148,MB_204,3,08:00:00,08:00:00"
"MB_trip_149,MB_61,1,08:00:00,08:00:00"
"MB_trip_149,MB_71,2,08:00:00,08:00:00"
"MB_trip_149,MB_147,3,08:00:00,08:00:00"
"MB_trip_150,MB_61,1,08:00:00,08:00:00"
"MB_trip_150,MB_46,2,08:00:00,08:00:00"
"MB_trip_150,MB_78,3,08:00:00,08:00:00"
"MB_trip_151,MB_61,1,08:00:00,08:00:00"
"MB_trip_151,MB_113,2,08:00:00,08:00:00"
"MB_trip_151,MB_205,3,08:00:00,08:00:00"
"MB_trip_152,MB_61,1,08:00:00,08:00:00"
"MB_trip_152,MB_46,2,08:00:00,08:00:00"
"MB_trip_152,MB_102,3,08:00:00,08:00:00"
"MB_trip_153,MB_202,1,08:00:00,08:00:00"
"MB_trip_153,MB_71,2,08:00:00,08:00:00"
"MB_trip_153,MB_42,3,08:00:00,08:00:00"
"MB_trip_154,MB_202,1,08:00:00,08:00:00"
"MB_trip_154,MB_6,2,08:00:00,08:00:00"
"MB_trip_154,MB_190,3,08:00:00,08:00:00"
"MB_trip_155,MB_202,1,08:00:00,08:00:00"
"MB_trip_155,MB_46,2,08:00:00,08:00:00"
"MB_trip_155,MB_78,3,08:00:00,08:00:00"
"MB_trip_156,MB_202,1,08:00:00,08:00:00"
"MB_trip_156,MB_46,2,08:00:00,08:00:00"
"MB_trip_156,MB_102,3,08:00:00,08:00:00"
"MB_trip_157,MB_202,1,08:00:00,08:00:00"
"MB_trip_157,MB_6,2,08:00:00,08:00:00"
"MB_trip_157,MB_91,3,08:00:00,08:00:00"
"MB_trip_158,MB_202,1,08:00:00,08:00:00"
"MB_trip_158,MB_8,2,08:00:00,08:00:00"
"MB_trip_158,MB_91,3,08:00:00,08:00:00"
"MB_trip_159,MB_107,1,08:00:00,08:00:00"
"MB_trip_159,MB_71,2,08:00:00,08:00:00"
"MB_trip_159,MB_42,3,08:00:00,08:00:00"
"MB_trip_160,MB_107,1,08:00:00,08:00:00"
"MB_trip_160,MB_11,2,08:00:00,08:00:00"
"MB_trip_160,MB_67,3,08:00:00,08:00:00"
"MB_trip_161,MB_107,1,08:00:00,08:00:00"
"MB_trip_161,MB_11,2,08:00:00,08:00:00"
"MB_trip_161,MB_66,3,08:00:00,08:00:00"
"MB_trip_162,MB_129,1,08:00:00,08:00:00"
"MB_trip_162,MB_99,2,08:00:00,08:00:00"
"MB_trip_162,MB_49,3,08:00:00,08:00:00"
"MB_trip_163,MB_129,1,08:00:00,08:00:00"
"MB_trip_163,MB_130,2,08:00:00,08:00:00"
"MB_trip_163,MB_66,3,08:00:00,08:00:00"
"MB_trip_164,MB_129,1,08:00:00,08:00:00"
"MB_trip_164,MB_130,2,08:00:00,08:00:00"
"MB_trip_164,MB_173,3,08:00:00,08:00:00"
"MB_trip_165,MB_129,1,08:00:00,08:00:00"
"MB_trip_165,MB_20,2,08:00:00,08:00:00"
"MB_trip_165,MB_218,3,08:00:00,08:00:00"
"MB_trip_166,MB_147,1,08:00:00,08:00:00"
"MB_trip_166,MB_27,2,08:00:00,08:00:00"
"MB_trip_166,MB_186,3,08:00:00,08:00:00"
"MB_trip_167,MB_147,1,08:00:00,08:00:00"
"MB_trip_167,MB_172,2,08:00:00,08:00:00"
"MB_trip_167,MB_66,3,08:00:00,08:00:00"
"MB_trip_168,MB_190,1,08:00:00,08:00:00"
"MB_trip_168,MB_130,2,08:00:00,08:00:00"
"MB_trip_168,MB_192,3,08:00:00,08:00:00"
"MB_trip_169,MB_190,1,08:00:00,08:00:00"
"MB_trip_169,MB_130,2,08:00:00,08:00:00"
"MB_trip_169,MB_66,3,08:00:00,08:00:00"
"MB_trip_170,MB_190,1,08:00:00,08:00:00"
"MB_trip_170,MB_9,2,08:00:00,08:00:00"
"MB_trip_170,MB_67,3,08:00:00,08:00:00"
"MB_trip_171,MB_190,1,08:00:00,08:00:00"
"MB_trip_171,MB_5,2,08:00:00,08:00:00"
"MB_trip_171,MB_67,3,08:00:00,08:00:00"
"MB_trip_172,MB_190,1,08:00:00,08:00:00"
"MB_trip_172,MB_20,2,08:00:00,08:00:00"
"MB_trip_172,MB_218,3,08:00:00,08:00:00"
"MB_trip_173,MB_190,1,08:00:00,08:00:00"
"MB_trip_173,MB_20,2,08:00:00,08:00:00"
"MB_trip_173,MB_98,3,08:00:00,08:00:00"
"MB_trip_174,MB_190,1,08:00:00,08:00:00"
"MB_trip_174,MB_130,2,08:00:00,08:00:00"
"MB_trip_174,MB_189,3,08:00:00,08:00:00"
"MB_trip_175,MB_190,1,08:00:00,08:00:00"
"MB_trip_175,MB_47,2,08:00:00,08:00:00"
"MB_trip_175,MB_215,3,08:00:00,08:00:00"
"MB_trip_176,MB_190,1,08:00:00,08:00:00"
"MB_trip_176,MB_130,2,08:00:00,08:00:00"
"MB_trip_176,MB_51,3,08:00:00,08:00:00"
"MB_trip_177,MB_190,1,08:00:00,08:00:00"
"MB_trip_177,MB_93,2,08:00:00,08:00:00"
"MB_trip_177,MB_181,3,08:00:00,08:00:00"
"MB_trip_178,MB_190,1,08:00:00,08:00:00"
"MB_trip_178,MB_5,2,08:00:00,08:00:00"
"MB_trip_178,MB_148,3,08:00:00,08:00:00"
"MB_trip_179,MB_190,1,08:00:00,08:00:00"
"MB_trip_179,MB_99,2,08:00:00,08:00:00"
"MB_trip_179,MB_49,3,08:00:00,08:00:00"
"MB_trip_180,MB_190,1,08:00:00,08:00:00"
"MB_trip_180,MB_7,2,08:00:00,08:00:00"
"MB_trip_180,MB_220,3,08:00:00,08:00:00"
"MB_trip_181,MB_216,1,08:00:00,08:00:00"
"MB_trip_181,MB_213,2,08:00:00,08:00:00"
"MB_trip_181,MB_142,3,08:00:00,08:00:00"
"MB_trip_182,MB_216,1,08:00:00,08:00:00"
"MB_trip_182,MB_213,2,08:00:00,08:00:00"
"MB_trip_182,MB_180,3,08:00:00,08:00:00"
"MB_trip_183,MB_216,1,08:00:00,08:00:00"
"MB_trip_183,MB_71,2,08:00:00,08:00:00"
"MB_trip_183,MB_42,3,08:00:00,08:00:00"
"MB_trip_184,MB_222,1,08:00:00,08:00:00"
"MB_trip_184,MB_8,2,08:00:00,08:00:00"
"MB_trip_184,MB_42,3,08:00:00,08:00:00"
"MB_trip_185,MB_121,1,08:00:00,08:00:00"
"MB_trip_185,MB_8,2,08:00:00,08:00:00"
"MB_trip_185,MB_42,3,08:00:00,08:00:00"
"MB_trip_186,MB_119,1,08:00:00,08:00:00"
"MB_trip_186,MB_128,2,08:00:00,08:00:00"
"MB_trip_186,MB_88,3,08:00:00,08:00:00"
"MB_trip_187,MB_119,1,08:00:00,08:00:00"
"MB_trip_187,MB_131,2,08:00:00,08:00:00"
"MB_trip_187,MB_31,3,08:00:00,08:00:00"
"MB_trip_188,MB_119,1,08:00:00,08:00:00"
"MB_trip_188,MB_73,2,08:00:00,08:00:00"
"MB_trip_188,MB_46,3,08:00:00,08:00:00"
"MB_trip_189,MB_119,1,08:00:00,08:00:00"
"MB_trip_189,MB_174,2,08:00:00,08:00:00"
"MB_trip_189,MB_216,3,08:00:00,08:00:00"
"MB_trip_190,MB_199,1,08:00:00,08:00:00"
"MB_trip_190,MB_147,2,08:00:00,08:00:00"
"MB_trip_190,MB_190,3,08:00:00,08:00:00"
"MB_trip_191,MB_199,1,08:00:00,08:00:00"
"MB_trip_191,MB_95,2,08:00:00,08:00:00"
"MB_trip_191,MB_147,3,08:00:00,08:00:00"
"MB_trip_192,MB_207,1,08:00:00,08:00:00"
"MB_trip_192,MB_155,2,08:00:00,08:00:00"
"MB_trip_192,MB_190,3,08:00:00,08:00:00"
"MB_trip_193,MB_174,1,08:00:00,08:00:00"
"MB_trip_193,MB_74,2,08:00:00,08:00:00"
"MB_trip_193,MB_46,3,08:00:00,08:00:00"
"MB_trip_194,MB_174,1,08:00:00,08:00:00"
"MB_trip_194,MB_147,2,08:00:00,08:00:00"
"MB_trip_194,MB_42,3,08:00:00,08:00:00"
"MB_trip_195,MB_53,1,08:00:00,08:00:00"
"MB_trip_195,MB_147,2,08:00:00,08:00:00"
"MB_trip_195,MB_42,3,08:00:00,08:00:00"
"MB_trip_196,MB_19,1,08:00:00,08:00:00"
"MB_trip_196,MB_169,2,08:00:00,08:00:00"
"MB_trip_196,MB_67,3,08:00:00,08:00:00"
"MB_trip_197,MB_126,1,08:00:00,08:00:00"
"MB_trip_197,MB_190,2,08:00:00,08:00:00"
"MB_trip_197,MB_42,3,08:00:00,08:00:00"
"MB_trip_198,MB_126,1,08:00:00,08:00:00"
"MB_trip_198,MB_84,2,08:00:00,08:00:00"
"MB_trip_198,MB_190,3,08:00:00,08:00:00"
"MB_trip_199,MB_140,1,08:00:00,08:00:00"
"MB_trip_199,MB_99,2,08:00:00,08:00:00"
"MB_trip_199,MB_49,3,08:00:00,08:00:00"
"MB_trip_200,MB_140,1,08:00:00,08:00:00"
"MB_trip_200,MB_20,2,08:00:00,08:00:00"
"MB_trip_200,MB_218,3,08:00:00,08:00:00"
"MB_trip_201,MB_88,1,08:00:00,08:00:00"
"MB_trip_201,MB_147,2,08:00:00,08:00:00"
"MB_trip_201,MB_42,3,08:00:00,08:00:00"
"MB_trip_202,MB_88,1,08:00:00,08:00:00"
"MB_trip_202,MB_212,2,08:00:00,08:00:00"
"MB_trip_202,MB_225,3,08:00:00,08:00:00"
"MB_trip_202,MB_37,4,08:00:00,08:00:00"
"MB_trip_203,MB_87,1,08:00:00,08:00:00"
"MB_trip_203,MB_147,2,08:00:00,08:00:00"
"MB_trip_203,MB_27,3,08:00:00,08:00:00"
"MB_trip_204,MB_154,1,08:00:00,08:00:00"
"MB_trip_204,MB_129,2,08:00:00,08:00:00"
"MB_trip_204,MB_190,3,08:00:00,08:00:00"
"MB_trip_205,MB_154,1,08:00:00,08:00:00"
"MB_trip_205,MB_75,2,08:00:00,08:00:00"
"MB_trip_205,MB_207,3,08:00:00,08:00:00"
"MB_trip_206,MB_94,1,08:00:00,08:00:00"
"MB_trip_206,MB_46,2,08:00:00,08:00:00"
"MB_trip_206,MB_88,3,08:00:00,08:00:00"
"MB_trip_207,MB_94,1,08:00:00,08:00:00"
"MB_trip_207,MB_147,2,08:00:00,08:00:00"
"MB_trip_207,MB_103,3,08:00:00,08:00:00"
"MB_trip_208,MB_94,1,08:00:00,08:00:00"
"MB_trip_208,MB_116,2,08:00:00,08:00:00"
"MB_trip_208,MB_147,3,08:00:00,08:00:00"
"MB_trip_209,MB_94,1,08:00:00,08:00:00"
"MB_trip_209,MB_185,2,08:00:00,08:00:00"
"MB_trip_209,MB_190,3,08:00:00,08:00:00"
"MB_trip_210,MB_200,1,08:00:00,08:00:00"
"MB_trip_210,MB_116,2,08:00:00,08:00:00"
"MB_trip_210,MB_147,3,08:00:00,08:00:00"
"MB_trip_211,MB_220,1,08:00:00,08:00:00"
"MB_trip_211,MB_185,2,08:00:00,08:00:00"
"MB_trip_211,MB_190,3,08:00:00,08:00:00"
"MB_trip_212,MB_220,1,08:00:00,08:00:00"
"MB_trip_212,MB_94,2,08:00:00,08:00:00"
"MB_trip_212,MB_42,3,08:00:00,08:00:00"
"MB_trip_213,MB_220,1,08:00:00,08:00:00"
"MB_trip_213,MB_65,2,08:00:00,08:00:00"
"MB_trip_213,MB_208,3,08:00:00,08:00:00"
"MB_trip_214,MB_118,1,08:00:00,08:00:00"
"MB_trip_214,MB_147,2,08:00:00,08:00:00"
"MB_trip_214,MB_92,3,08:00:00,08:00:00"
"MB_trip_215,MB_162,1,08:00:00,08:00:00"
"MB_trip_215,MB_211,2,08:00:00,08:00:00"
"MB_trip_215,MB_201,3,08:00:00,08:00:00"
"MB_trip_216,MB_162,1,08:00:00,08:00:00"
"MB_trip_216,MB_82,2,08:00:00,08:00:00"
"MB_trip_216,MB_217,3,08:00:00,08:00:00"
"MB_trip_217,MB_162,1,08:00:00,08:00:00"
"MB_trip_217,MB_82,2,08:00:00,08:00:00"
"MB_trip_217,MB_50,3,08:00:00,08:00:00"
"MB_trip_218,MB_162,1,08:00:00,08:00:00"
"MB_trip_218,MB_127,2,08:00:00,08:00:00"
"MB_trip_218,MB_120,3,08:00:00,08:00:00"
"MB_trip_219,MB_166,1,08:00:00,08:00:00"
"MB_trip_219,MB_215,2,08:00:00,08:00:00"
"MB_trip_219,MB_141,3,08:00:00,08:00:00"
"MB_trip_220,MB_149,1,08:00:00,08:00:00"
"MB_trip_220,MB_30,2,08:00:00,08:00:00"
"MB_trip_220,MB_30,3,08:00:00,08:00:00"
"MB_trip_221,MB_149,1,08:00:00,08:00:00"
"MB_trip_221,MB_78,2,08:00:00,08:00:00"
"MB_trip_221,MB_91,3,08:00:00,08:00:00"
"MB_trip_222,MB_62,1,08:00:00,08:00:00"
"MB_trip_222,MB_195,2,08:00:00,08:00:00"
"MB_trip_222,MB_91,3,08:00:00,08:00:00"
"MB_trip_223,MB_55,1,08:00:00,08:00:00"
"MB_trip_223,MB_78,2,08:00:00,08:00:00"
"MB_trip_223,MB_91,3,08:00:00,08:00:00"
"MB_trip_224,MB_78,1,08:00:00,08:00:00"
"MB_trip_224,MB_69,2,08:00:00,08:00:00"
"MB_trip_224,MB_69,3,08:00:00,08:00:00"
"MB_trip_225,MB_78,1,08:00:00,08:00:00"
"MB_trip_225,MB_69,2,08:00:00,08:00:00"
"MB_trip_225,MB_215,3,08:00:00,08:00:00"
"MB_trip_226,MB_217,1,08:00:00,08:00:00"
"MB_trip_226,MB_139,2,08:00:00,08:00:00"
"MB_trip_226,MB_39,3,08:00:00,08:00:00"
"MB_trip_227,MB_217,1,08:00:00,08:00:00"
"MB_trip_227,MB_153,2,08:00:00,08:00:00"
"MB_trip_227,MB_150,3,08:00:00,08:00:00"
"MB_trip_228,MB_217,1,08:00:00,08:00:00"
"MB_trip_228,MB_194,2,08:00:00,08:00:00"
"MB_trip_228,MB_10,3,08:00:00,08:00:00"
"MB_trip_229,MB_217,1,08:00:00,08:00:00"
"MB_trip_229,MB_194,2,08:00:00,08:00:00"
"MB_trip_229,MB_36,3,08:00:00,08:00:00"
"MB_trip_230,MB_194,1,08:00:00,08:00:00"
"MB_trip_230,MB_82,2,08:00:00,08:00:00"
"MB_trip_230,MB_72,3,08:00:00,08:00:00"
"MB_trip_231,MB_28,1,08:00:00,08:00:00"
"MB_trip_231,MB_211,2,08:00:00,08:00:00"
"MB_trip_231,MB_104,3,08:00:00,08:00:00"
"MB_trip_232,MB_28,1,08:00:00,08:00:00"
"MB_trip_232,MB_78,2,08:00:00,08:00:00"
"MB_trip_232,MB_102,3,08:00:00,08:00:00"
"MB_trip_233,MB_133,1,08:00:00,08:00:00"
"MB_trip_233,MB_110,2,08:00:00,08:00:00"
"MB_trip_233,MB_151,3,08:00:00,08:00:00"
"MB_trip_234,MB_203,1,08:00:00,08:00:00"
"MB_trip_234,MB_144,2,08:00:00,08:00:00"
"MB_trip_234,MB_224,3,08:00:00,08:00:00"
"MB_trip_234,MB_42,4,08:00:00,08:00:00"
"MB_trip_235,MB_217,1,08:00:00,08:00:00"
"MB_trip_235,MB_141,2,08:00:00,08:00:00"
"MB_trip_236,MB_175,1,08:00:00,08:00:00"
"MB_trip_236,MB_174,2,08:00:00,08:00:00"
"MB_trip_236,MB_216,3,08:00:00,08:00:00"
"MB_trip_237,MB_175,1,08:00:00,08:00:00"
"MB_trip_237,MB_109,2,08:00:00,08:00:00"
"MB_trip_237,MB_174,3,08:00:00,08:00:00"
"MB_trip_238,MB_175,1,08:00:00,08:00:00"
"MB_trip_238,MB_199,2,08:00:00,08:00:00"
"MB_trip_239,MB_27,1,08:00:00,08:00:00"
"MB_trip_239,MB_54,2,08:00:00,08:00:00"
"MB_trip_239,MB_197,3,08:00:00,08:00:00"
"MB_trip_240,MB_103,1,08:00:00,08:00:00"
"MB_trip_240,MB_111,2,08:00:00,08:00:00"
"MB_trip_240,MB_147,3,08:00:00,08:00:00"
"MB_trip_241,MB_92,1,08:00:00,08:00:00"
"MB_trip_241,MB_111,2,08:00:00,08:00:00"
"MB_trip_241,MB_147,3,08:00:00,08:00:00"
"MB_trip_242,MB_85,1,08:00:00,08:00:00"
"MB_trip_242,MB_116,2,08:00:00,08:00:00"
"MB_trip_242,MB_27,3,08:00:00,08:00:00"
"MB_trip_243,MB_144,1,08:00:00,08:00:00"
"MB_trip_243,MB_224,2,08:00:00,08:00:00"
"MB_trip_243,MB_81,3,08:00:00,08:00:00"
"MB_trip_243,MB_135,4,08:00:00,08:00:00"
"MB_trip_244,MB_88,1,08:00:00,08:00:00"
"MB_trip_244,MB_41,2,08:00:00,08:00:00"
"MB_trip_244,MB_217,3,08:00:00,08:00:00"
"MB_trip_245,MB_61,1,08:00:00,08:00:00"
"MB_trip_245,MB_202,2,08:00:00,08:00:00"
"MB_trip_245,MB_107,3,08:00:00,08:00:00"
"MB_trip_246,MB_83,1,08:00:00,08:00:00"
"MB_trip_246,MB_82,2,08:00:00,08:00:00"
"MB_trip_246,MB_22,3,08:00:00,08:00:00"
"MB_trip_247,MB_83,1,08:00:00,08:00:00"
"MB_trip_247,MB_3,2,08:00:00,08:00:00"
"MB_trip_247,MB_162,3,08:00:00,08:00:00"
"MB_trip_248,MB_83,1,08:00:00,08:00:00"
"MB_trip_248,MB_41,2,08:00:00,08:00:00"
"MB_trip_248,MB_69,3,08:00:00,08:00:00"
"MB_trip_249,MB_80,1,08:00:00,08:00:00"
"MB_trip_249,MB_82,2,08:00:00,08:00:00"
"MB_trip_249,MB_217,3,08:00:00,08:00:00"
"MB_trip_250,MB_207,1,08:00:00,08:00:00"
"MB_trip_250,MB_201,2,08:00:00,08:00:00"
"MB_trip_250,MB_175,3,08:00:00,08:00:00"
"MB_trip_251,MB_207,1,08:00:00,08:00:00"
"MB_trip_251,MB_175,2,08:00:00,08:00:00"
"MB_trip_251,MB_68,3,08:00:00,08:00:00"
"MB_trip_252,MB_174,1,08:00:00,08:00:00"
"MB_trip_252,MB_108,2,08:00:00,08:00:00"
"MB_trip_252,MB_119,3,08:00:00,08:00:00"
"MB_trip_253,MB_174,1,08:00:00,08:00:00"
"MB_trip_253,MB_171,2,08:00:00,08:00:00"
"MB_trip_253,MB_29,3,08:00:00,08:00:00"
"MB_trip_254,MB_174,1,08:00:00,08:00:00"
"MB_trip_254,MB_67,2,08:00:00,08:00:00"
"MB_trip_254,MB_198,3,08:00:00,08:00:00"
"MB_trip_255,MB_174,1,08:00:00,08:00:00"
"MB_trip_255,MB_171,2,08:00:00,08:00:00"
"MB_trip_255,MB_205,3,08:00:00,08:00:00"
"MB_trip_256,MB_174,1,08:00:00,08:00:00"
"MB_trip_256,MB_171,2,08:00:00,08:00:00"
"MB_trip_256,MB_168,3,08:00:00,08:00:00"
"MB_trip_257,MB_119,1,08:00:00,08:00:00"
"MB_trip_257,MB_205,2,08:00:00,08:00:00"
"MB_trip_257,MB_171,3,08:00:00,08:00:00"
"MB_trip_258,MB_119,1,08:00:00,08:00:00"
"MB_trip_258,MB_123,2,08:00:00,08:00:00"
"MB_trip_258,MB_168,3,08:00:00,08:00:00"
"MB_trip_259,MB_154,1,08:00:00,08:00:00"
"MB_trip_259,MB_122,2,08:00:00,08:00:00"
"MB_trip_259,MB_38,3,08:00:00,08:00:00"
"MB_trip_260,MB_94,1,08:00:00,08:00:00"
"MB_trip_260,MB_147,2,08:00:00,08:00:00"
"MB_trip_260,MB_92,3,08:00:00,08:00:00"
"MB_trip_261,MB_220,1,08:00:00,08:00:00"
"MB_trip_261,MB_94,2,08:00:00,08:00:00"
"MB_trip_261,MB_200,3,08:00:00,08:00:00"
"MB_trip_262,MB_38,1,08:00:00,08:00:00"
"MB_trip_262,MB_66,2,08:00:00,08:00:00"
"MB_trip_262,MB_143,3,08:00:00,08:00:00"
"MB_trip_263,MB_38,1,08:00:00,08:00:00"
"MB_trip_263,MB_66,2,08:00:00,08:00:00"
"MB_trip_263,MB_189,3,08:00:00,08:00:00"
"MB_trip_264,MB_38,1,08:00:00,08:00:00"
"MB_trip_264,MB_66,2,08:00:00,08:00:00"
"MB_trip_264,MB_66,3,08:00:00,08:00:00"
"MB_trip_265,MB_38,1,08:00:00,08:00:00"
"MB_trip_265,MB_66,2,08:00:00,08:00:00"
"MB_trip_265,MB_192,3,08:00:00,08:00:00"
"MB_trip_266,MB_38,1,08:00:00,08:00:00"
"MB_trip_266,MB_66,2,08:00:00,08:00:00"
"MB_trip_266,MB_188,3,08:00:00,08:00:00"
"MB_trip_267,MB_38,1,08:00:00,08:00:00"
"MB_trip_267,MB_89,2,08:00:00,08:00:00"
"MB_trip_267,MB_167,3,08:00:00,08:00:00"
"MB_trip_268,MB_192,1,08:00:00,08:00:00"
"MB_trip_268,MB_27,2,08:00:00,08:00:00"
"MB_trip_269,MB_119,1,08:00:00,08:00:00"
"MB_trip_269,MB_46,2,08:00:00,08:00:00"
"MB_trip_269,MB_128,3,08:00:00,08:00:00"
"MB_trip_270,MB_119,1,08:00:00,08:00:00"
"MB_trip_270,MB_46,2,08:00:00,08:00:00"
"MB_trip_270,MB_103,3,08:00:00,08:00:00"
"MB_trip_271,MB_119,1,08:00:00,08:00:00"
"MB_trip_271,MB_46,2,08:00:00,08:00:00"
"MB_trip_271,MB_92,3,08:00:00,08:00:00"
"MB_trip_272,MB_119,1,08:00:00,08:00:00"
"MB_trip_272,MB_46,2,08:00:00,08:00:00"
"MB_trip_272,MB_70,3,08:00:00,08:00:00"
"MB_trip_273,MB_119,1,08:00:00,08:00:00"
"MB_trip_273,MB_46,2,08:00:00,08:00:00"
"MB_trip_273,MB_60,3,08:00:00,08:00:00"
"MB_trip_274,MB_119,1,08:00:00,08:00:00"
"MB_trip_274,MB_144,2,08:00:00,08:00:00"
"MB_trip_274,MB_224,3,08:00:00,08:00:00"
"MB_trip_275,MB_217,1,08:00:00,08:00:00"
"MB_trip_275,MB_46,2,08:00:00,08:00:00"
"MB_trip_275,MB_128,3,08:00:00,08:00:00"
"MB_trip_276,MB_149,1,08:00:00,08:00:00"
"MB_trip_276,MB_30,2,08:00:00,08:00:00"
"MB_trip_277,MB_78,1,08:00:00,08:00:00"
"MB_trip_277,MB_138,2,08:00:00,08:00:00"
"MB_trip_278,MB_220,1,08:00:00,08:00:00"
"MB_trip_278,MB_200,2,08:00:00,08:00:00"
"MB_trip_279,MB_170,1,08:00:00,08:00:00"
"MB_trip_279,MB_38,2,08:00:00,08:00:00"
"MB_trip_279,MB_66,3,08:00:00,08:00:00"
"MB_trip_280,MB_35,1,08:00:00,08:00:00"
"MB_trip_280,MB_220,2,08:00:00,08:00:00"
"MB_trip_281,MB_155,1,08:00:00,08:00:00"
"MB_trip_281,MB_207,2,08:00:00,08:00:00"
"MB_trip_282,MB_175,1,08:00:00,08:00:00"
"MB_trip_282,MB_119,2,08:00:00,08:00:00"
"MB_trip_283,MB_42,1,08:00:00,08:00:00"
"MB_trip_283,MB_78,2,08:00:00,08:00:00"
"MB_trip_284,MB_190,1,08:00:00,08:00:00"
"MB_trip_284,MB_78,2,08:00:00,08:00:00"
"MB_trip_285,MB_91,1,08:00:00,08:00:00"
"MB_trip_285,MB_78,2,08:00:00,08:00:00"
"MB_trip_286,MB_83,1,08:00:00,08:00:00"
"MB_trip_286,MB_203,2,08:00:00,08:00:00"
"MB_trip_287,MB_42,1,08:00:00,08:00:00"
"MB_trip_287,MB_223,2,08:00:00,08:00:00"
"MB_trip_288,MB_42,1,08:00:00,08:00:00"
"MB_trip_288,MB_31,2,08:00:00,08:00:00"
"MB_trip_289,MB_147,1,08:00:00,08:00:00"
"MB_trip_289,MB_205,2,08:00:00,08:00:00"
"MB_trip_289,MB_53,3,08:00:00,08:00:00"
"MB_trip_289,MB_119,4,08:00:00,08:00:00"
"MB_trip_290,MB_147,1,08:00:00,08:00:00"
"MB_trip_290,MB_119,2,08:00:00,08:00:00"
